Workbook

Sheet CUENTA GENERAL
C2: =SUM(C5:C133) -> 2930596.2
B4: CLIENTE | C4: MONTO | E4: EntregadoenMexico
B5: AB | C5: =AB!M1 -> 1268479 | E5: Comisiones Salo
B6: SALOMON JASQUI | C6: ='SALOMON JASQUI'!O260 -> 351586.37
B7: YOSEF | C7: =YOSEF!P1 -> 381370
B8: ELIAS LEVY | C8: ='ELIAS LEVY'!O1 -> 244415
B9: LUCK | C9: =LUCK!P1 -> 92057
B10: MAN | C10: =MAN!O1 -> 50110.91
B11: JHK | C11: =JHK!O1 -> 68500
B12: BH | C12: =BH!L1 -> 73800
B13: SKM | C13: =SKM!O1 -> 63860
B14: MNS | C14: =MNS!N1 -> 66680
B15: RED | C15: =RED!P1 -> 40680
B16: ELJA | C16: =ELJA!N1 -> 62950
B17: MERCURIO | C17: =MERCURIO!N1 -> 37250
B18: AASZ ISAMAR | C18: ='AASZ '!P1 -> 36400
B19: IHE | C19: =IHE!N1 -> 12650
B20: HHB | C20: =HHB!N1 -> 19337
B21: KOBI | C21: =KOBI!O1 -> 14600
B22: JERARKYNG | C22: =JERARKYNG!N1 -> 0
B23: GLAM | C23: =GLAM!P1 -> 8280
B24: ANHERST | C24: =ANHERST!N1 -> 15700
B25: JAZ | C25: =JAZ!N1 -> 7500
B26: DACH | C26: =DACH!O1 -> 6850
B27: MOSHE TUACHI | C27: ='MOSHE TUACHI'!N1 -> 5900
B28: NUDU | C28: =NUDU!K1 -> 0
B29: BENA | C29: =BENA!O1 -> 3312.25
B30: SUPRA | C30: =SUPRA!N1 -> 0
B31: JM | C31: =JM!L1 -> 0
B32: MARIO EMILIANO | C32: ='MARIO EMILIANO'!O1 -> 0
B33: JIV | C33: =JIV!O1 -> 0
B34: INA | C34: =INA!N1 -> 0
B35: JOSHUA CREDI | C35: ='JOSHUA CREDI'!L1 -> 0
B36: JACK LEVY | C36: ='JACK LEVY'!O1 -> 0
B37: ALEJANDRO | C37: =ALEJANDRO!M1 -> 0
B38: CATTAN | C38: =CATTAN!P1 -> 0
B39: YTM | C39: =YTM!O1 -> 0
B40: ANM | C40: =ANM!O1 -> 0
B41: ABEYC | C41: =M!O1 -> 0
B42: LU | C42: =LU!N1 -> 0
B43: GE | C43: =GE!M1 -> 0
B44: PAT | C44: =PAT!O1 -> -40
B45: RAMON BETECH | C45: ='RAMON BETECH'!L1 -> -1631.37

Sheet JM
L1: =SUM(L3:L119) -> 0 | N1: =(SUM(K3:K60)-SUM(O4:O4)) -> 0
A2: REF/INV NO | B2: CUSTOMER | C2: CUSTOMER FOR | D2: BL | E2: CONTAINER | F2: ETD | G2: ETA | H2: SHIPPING LINE | I2: POL | J2: POD | K2: BILL AMT
N3: DATE | O3: PAY

Sheet AB
M1: =SUM(M3:M300)-SUM(Q4:Q100) -> 1268479
A2: REF/INV NO | B2: CUSTOMER | C2: CUSTOMER FOR | D2: CONTAINER | E2: ETD | F2: ETA | G2: SHIPPING LINE | H2: POL | I2: POD | J2: TOTAL COST | K2: EXW | L2: RAIL/TRUCK | M2: BILL AMT
A3: MLO-AB26001 | B3: JAIME ABADI | C3: MLO-AB | D3: TCNU2653972 | E3: 46043 | F3: 46076 | G3: CMA | H3: NINGBO | I3: HOUSTON , TEXAS, US | J3: 3750 | L3: - | M3: 3750 | N3: 0 | P3: DATE | Q3: PAY
A4: MLO-AB26002 | B4: JAIME ABADI | C4: MLO-AB | D4: GCXU5309377 | E4: 46043 | F4: 46076 | G4: CMA | H4: NINGBO | I4: HOUSTON , TEXAS, US | J4: 3750 | L4: - | M4: 3750 | N4: 0 | P4: 46177 | Q4: 22250
A5: MLO-AB26005 | B5: JAIME ABADI | C5: MLO-AB | D5: SEGU6355882 | E5: 46046 | F5: 46076 | G5: CMA | H5: NINGBO | I5: HOUSTON , TEXAS, US | J5: 3750 | L5: - | M5: 3750 | N5: 0 | P5: 46241 | Q5: 35700
A6: MLO-AB26006 | B6: JAIME ABADI | C6: MLO-AB | D6: ECMU5712849 | E6: 46046 | F6: 46076 | G6: CMA | H6: NINGBO | I6: HOUSTON , TEXAS, US | J6: 3750 | L6: - | M6: 3750 | N6: 0 | P6: 46254 | Q6: 36650
A7: MLO-AB26004 | B7: JAIME ABADI | C7: MLO-AB | D7: TGBU5188869 | E7: 46051 | F7: 46082 | G7: CMA | H7: NINGBO | I7: HOUSTON , TEXAS, US | J7: 3750 | L7: - | M7: 3750 | N7: 0 | P7: 46283 | Q7: 61840
A8: MLO-AB26003 | B8: JAIME ABADI | C8: MLO-AB | D8: ZCSU6874873 | E8: 46058 | F8: 46084 | G8: ZIM | H8: NINGBO | I8: HOUSTON , TEXAS, US | J8: 3500 | L8: - | M8: 3500 | N8: 0 | P8: 46213 | Q8: 40160
A9: MLO-AB26007 | B9: JAIME ABADI | C9: MLO-AB | D9: JXLU6174083 | E9: 46061 | F9: 46109 | G9: ZIM | H9: NINGBO | I9: HOUSTON , TEXAS, US | J9: 3400 | L9: - | M9: 3400 | N9: 0
A10: MLO-AB26017 | B10: JAIME ABADI | C10: MLO-AB | D10: MRSU7555239 | E10: 46126 | F10: 46143 | G10: MSK | H10: SHANGHAI | I10: PANTACO | J10: 3000 | L10: 1700 | M10: =SUM(J10:L10) -> 4700 | N10: 0
A11: MLO-AB26027 | B11: JAIME ABADI | C11: MLO-AB | D11: MSNU7430873 | E11: 46137 | F11: 46143 | G11: MSC | H11: NINGBO | I11: PANTACO | J11: 3100 | L11: 1700 | M11: =SUM(J11:L11) -> 4800 | N11: 0
A12: MLO-AB26008 | B12: JAIME ABADI | C12: TECNOMUNDO | D12: MRSU6332539 | E12: 46112 | F12: 46146 | G12: MSK | H12: SHANGHAI | I12: PANTACO | J12: 3100 | L12: 1700 | M12: =SUM(J12:L12) -> 4800 | N12: 0
A13: MLO-AB26009 | B13: JAIME ABADI | C13: TECNOMUNDO | D13: UETU8153693 | E13: 46112 | F13: 46146 | G13: MSK | H13: SHANGHAI | I13: PANTACO | J13: 3100 | L13: 1700 | M13: =SUM(J13:L13) -> 4800 | N13: 0
A14: MLO-AB26010 | B14: JAIME ABADI | C14: TECNOMUNDO | D14: UETU8361969 | E14: 46112 | F14: 46146 | G14: MSK | H14: SHANGHAI | I14: PANTACO | J14: 3100 | L14: 1700 | M14: =SUM(J14:L14) -> 4800 | N14: 0
A15: MLO-AB26019 | B15: JAIME ABADI | C15: SALOMON | D15: CSNU8819812 | E15: 46120 | F15: 46150 | G15: COSCO | H15: NINGBO | I15: HOUSTON , TEXAS, US | J15: 4200 | L15: - | M15: =SUM(J15:L15) -> 4200 | N15: 0
A16: MLO-AB26020 | B16: JAIME ABADI | C16: SALOMON | D16: CSNU8592190 | E16: 46120 | F16: 46150 | G16: COSCO | H16: NINGBO | I16: HOUSTON , TEXAS, US | J16: 4200 | L16: - | M16: =SUM(J16:L16) -> 4200 | N16: 0
A17: MLO-AB26015 | B17: JAIME ABADI | C17: TECNOMUNDO | D17: MRKU5332439 | E17: 46115 | F17: 46153 | G17: MSK | H17: NINGBO | I17: LAZARO CARDENAS,MX | J17: 3300 | M17: =SUM(J17:L17) -> 3300 | N17: -1700
A18: MLO-AB26018 | B18: JAIME ABADI | C18: SALOMON | D18: KSSU1002560 | E18: 46124 | F18: 46154 | G18: ZIM | H18: NINGBO | I18: HOUSTON , TEXAS, US | J18: 4200 | L18: - | M18: =SUM(J18:L18) -> 4200 | N18: 0
A19: MLO-AB26011 | B19: JAIME ABADI | C19: TECNOMUNDO | D19: MSKU1419888 | E19: 46119 | F19: 46158 | G19: MSK | H19: SHANGHAI | I19: PANTACO | J19: 3100 | L19: 1700 | M19: =SUM(J19:L19) -> 4800 | N19: 0
A20: MLO-AB26012 | B20: JAIME ABADI | C20: TECNOMUNDO | D20: MRSU6794516 | E20: 46119 | F20: 46158 | G20: MSK | H20: SHANGHAI | I20: PANTACO | J20: 3100 | L20: 1700 | M20: =SUM(J20:L20) -> 4800 | N20: 0
A21: MLO-AB26013 | B21: JAIME ABADI | C21: TECNOMUNDO | D21: HASU4320966 | E21: 46119 | F21: 46158 | G21: MSK | H21: SHANGHAI | I21: PANTACO | J21: 3100 | L21: 1700 | M21: =SUM(J21:L21) -> 4800 | N21: 0
A22: MLO-AB26014 | B22: JAIME ABADI | C22: TECNOMUNDO | D22: MSKU0540494 | E22: 46119 | F22: 46158 | G22: MSK | H22: SHANGHAI | I22: PANTACO | J22: 3100 | L22: 1700 | M22: =SUM(J22:L22) -> 4800 | N22: 0
A23: MLO-AB26021 | B23: JAIME ABADI | C23: MLO-AB | D23: CAJU5114486 | E23: 46129 | F23: 46159 | G23: MSK | H23: NINGBO | I23: LAZARO CARDENAS,MX | J23: =2950+200 -> 3150 | L23: 0 | M23: =SUM(J23:L23) -> 3150 | N23: 0
A24: MLO-AB26016 | B24: JAIME ABADI | C24: TECNOMUNDO | D24: CAAU6205753 | E24: 46122 | F24: 46160 | G24: MSK | H24: NINGBO | I24: PANTACO | J24: 3100 | L24: 1700 | M24: =SUM(J24:L24) -> 4800 | N24: 0
A25: MLO-AB26030 | B25: JAIME ABADI | C25: MLO-AB | D25: GAOU7325610 | E25: 46138 | F25: 46168 | G25: ZIM | H25: NINGBO | I25: HOUSTON | J25: 4450 | L25: 0 | M25: =SUM(J25:L25) -> 4450 | N25: 0
A26: MLO-AB26032 | B26: JAIME ABADI | C26: MLO-AB | D26: JZPU8024650 | E26: 46147 | F26: 46175 | G26: ZIM | H26: NINGBO | I26: HOUSTON | J26: 4430 | L26: 0 | M26: =SUM(J26:L26) -> 4430 | N26: 0
A27: MLO-AB26031 | B27: JAIME ABADI | C27: SALOMON | D27: ZCSU7319366 | E27: 46147 | F27: 46175 | G27: ZIM | H27: NINGBO | I27: HOUSTON | J27: 4430 | L27: 0 | M27: =SUM(J27:L27) -> 4430 | N27: 0
A28: MLO-AB26026 | B28: JAIME ABADI | C28: MLO-AB | D28: CAAU7892187 | E28: 46143 | F28: 46178 | G28: MSC | H28: NINGBO | I28: PANTACO | J28: 3100 | L28: 1850 | M28: =SUM(J28:L28) -> 4950 | N28: 0
A29: MLO-AB26028 | B29: JAIME ABADI | C29: MLO-AB | D29: MSNU5896374 | E29: 46143 | F29: 46180 | G29: MSC | H29: NINGBO | I29: PANTACO | J29: 3100 | L29: 1850 | M29: =SUM(J29:L29) -> 4950 | N29: 0
A30: MLO-AB26033 | B30: JAIME ABADI | C30: MLO-AB | D30: MSDU8916387 | E30: 46146 | F30: 46185 | G30: MSC | H30: NINGBO | I30: PANTACO | J30: 3100 | L30: 1850 | M30: =SUM(J30:L30) -> 4950 | N30: 0
A31: MLO-AB26029 | B31: JAIME ABADI | C31: MLO-AB | D31: MRKU3544552 | E31: 46150 | F31: 46188 | G31: MSK | H31: NINGBO | I31: PANTACO | J31: 3000 | L31: 1700 | M31: =SUM(J31:L31) -> 4700 | N31: 0
A32: MLO-AB26040 | B32: JAIME ABADI | C32: MLO-AB | D32: MAGU5329056 | E32: 46162 | F32: 46192 | G32: COSCO | H32: NINGBO | I32: HOUSTON | J32: 5280 | L32: 0 | M32: =SUM(J32:L32) -> 5280 | N32: 0
A33: MLO-AB26034 | B33: JAIME ABADI | C33: MLO-AB | D33: MRKU4578449 | E33: 46154 | F33: 46193 | G33: MSK | H33: SHANGHAI | I33: PANTACO | J33: 3050 | L33: 1700 | M33: =SUM(J33:L33) -> 4750 | N33: 0
A34: MLO-AB26035 | B34: JAIME ABADI | C34: MLO-AB | D34: TCKU6978502 | E34: 46154 | F34: 46193 | G34: MSK | H34: SHANGHAI | I34: PANTACO | J34: 3050 | L34: 1700 | M34: =SUM(J34:L34) -> 4750 | N34: 0
A35: MLO-AB26036 | B35: JAIME ABADI | C35: MLO-AB | D35: GAOU7171310 | E35: 46154 | F35: 46193 | G35: MSK | H35: SHANGHAI | I35: PANTACO | J35: 3050 | L35: 1700 | M35: =SUM(J35:L35) -> 4750 | N35: 0
... A40: MLO-AB26043 | B40: JAIME ABADI | C40: MLO-AB | D40: TGBU9836105 | E40: 46161 | F40: 46199 | G40: ONE | H40: NINGBO | I40: PANTACO | J40: 4350 | L40: 1700 | M40: =SUM(J40:L40) -> 6050 | N40: 0
A41: MLO-AB26044 | B41: JAIME ABADI | C41: MLO-AB | D41: NYKU0847904 | E41: 46161 | F41: 46199 | G41: ONE | H41: NINGBO | I41: PANTACO | J41: 4350 | L41: 1700 | M41: =SUM(J41:L41) -> 6050 | N41: 0 | O41: Include cancelation fee $300 & below charges $221.69 Manifest Cancellation Fee: ￥375 Manifest Fee: ￥106 Detention Fee: ￥960 & after loaded to houston, Rosalba ask take back and ship to Mexico total charges $938.77
A42: MLO-AB26048 | B42: JAIME ABADI | C42: MLO-AB | D42: CICU6783487 | E42: 46168 | F42: 46199 | G42: ZIM | H42: SHANGHAI | I42: HOUSTON | J42: 4780 | L42: 0 | M42: =SUM(J42:L42) -> 4780 | N42: 0
A43: MLO-AB26051 | B43: JAIME ABADI | C43: MLO-AB | D43: FSCU8614663 | E43: 46169 | F43: 46201 | G43: ONE | H43: NINGBO | I43: PANTACO | J43: 4500 | L43: 1700 | M43: =SUM(J43:L43) -> 6200 | N43: 0
A44: MLO-AB26052 | B44: JAIME ABADI | C44: MLO-AB | D44: TGBU5967895 | E44: 46173 | F44: 46203 | G44: ZIM | H44: NINGBO | I44: HOUSTON | J44: 4980 | L44: 0 | M44: =SUM(J44:L44) -> 4980 | N44: 0
A45: MLO-AB26022 | B45: JAIME ABADI | C45: MLO-AB | D45: SEGU4947162 | E45: 46134 | F45: 46209 | G45: CMA | H45: NINGBO | I45: PANTACO | J45: 3050 | L45: 1700 | M45: =SUM(J45:L45) -> 4750 | N45: =M45 -> 4750
A46: MLO-AB26023 | B46: JAIME ABADI | C46: MLO-AB | D46: CMAU6536947 | E46: 46134 | F46: 46209 | G46: CMA | H46: NINGBO | I46: PANTACO | J46: 3050 | L46: 1700 | M46: =SUM(J46:L46) -> 4750 | N46: =M46 -> 4750
A47: MLO-AB26024 | B47: JAIME ABADI | C47: MLO-AB | D47: TGCU5484313 | E47: 46136 | F47: 46209 | G47: CMA | H47: SHANGHAI | I47: PANTACO | J47: 3050 | L47: 1700 | M47: =SUM(J47:L47) -> 4750 | N47: =M47 -> 4750
A48: MLO-AB26025 | B48: JAIME ABADI | C48: MLO-AB | D48: CMAU6749304 | E48: 46134 | F48: 46209 | G48: CMA | H48: NINGBO | I48: PANTACO | J48: 3050 | L48: 1700 | M48: =SUM(J48:L48) -> 4750 | N48: =M48 -> 4750
A49: MLO-AB26056 | B49: JAIME ABADI | C49: MLO-AB | D49: CSNU7696797 | E49: 46183 | F49: 46213 | G49: COSCO | H49: NINGBO | I49: HOUSTON | J49: 6980 | L49: 0 | M49: =SUM(J49:L49) -> 6980 | N49: =M49 -> 6980
A50: MLO-AB26049 | B50: JAIME ABADI | C50: MLO-AB | D50: XHCU5087349 | E50: 46177 | F50: 46214 | G50: CMA | H50: SHANGHAI | I50: PANTACO | J50: 5350 | L50: 1700 | M50: =SUM(J50:L50) -> 7050 | N50: =M50 -> 7050
A51: MLO-AB26058 | B51: JAIME ABADI | C51: MLO-AB | D51: MRSU2375954 | E51: 46184 | F51: 46216 | G51: MSK | H51: NINGBO | I51: PANTACO | J51: 6250 | L51: 1700 | M51: =SUM(J51:L51) -> 7950 | N51: =M51 -> 7950
A52: MLO-AB26060 | B52: JAIME ABADI | C52: MLO-AB | D52: TCNU2927610 | E52: 46183 | F52: 46216 | G52: MSC | H52: SHANGHAI | I52: PANTACO | J52: 6200 | L52: 1700 | M52: =SUM(J52:L52) -> 7900 | N52: =M52 -> 7900
A53: MLO-AB26070 | B53: JAIME ABADI | C53: MLO-AB | D53: MRSU4532688 | E53: 46184 | F53: 46217 | G53: MSK | H53: NINGBO | I53: ALL TRUCK TO PANTACO | J53: 6250 | K53: 250 | L53: 2500 | M53: =SUM(J53:L53) -> 9000 | N53: =M53 -> 9000 | O53: Include changing the destination port on BL after vessel departure charge $250 per container
A54: MLO-AB26073 | B54: JAIME ABADI | C54: MLO-AB | D54: ONEU4287744 | E54: 46182 | F54: 46220 | G54: ONE | H54: NINGBO | I54: PANTACO | J54: 6100 | L54: 1700 | M54: =SUM(J54:L54) -> 7800 | N54: =M54 -> 7800
A55: MLO-AB26055 | B55: JAIME ABADI | C55: MLO-AB | D55: OOLU9115815 | E55: 46174 | F55: 46221 | G55: COSCO | H55: NINGBO | I55: PANTACO | J55: 5150 | L55: 1700 | M55: =SUM(J55:L55) -> 6850 | N55: =M55 -> 6850
A56: MLO-AB26045 | B56: JAIME ABADI | C56: MLO-AB | D56: MRSU8755442 | E56: 46182 | F56: 46222 | G56: MSK | H56: SHANGHAI | I56: PANTACO | J56: 6250 | L56: 1700 | M56: =SUM(J56:L56) -> 7950 | N56: =M56 -> 7950
A57: MLO-AB26050 | B57: JAIME ABADI | C57: MLO-AB | D57: MRKU5847938 | E57: 46182 | F57: 46222 | G57: MSK | H57: SHANGHAI | I57: PANTACO | J57: 6250 | L57: 1700 | M57: =SUM(J57:L57) -> 7950 | N57: =M57 -> 7950
A58: MLO-AB26053 | B58: JAIME ABADI | C58: MLO-AB | D58: CAAU9134490 | E58: 46182 | F58: 46222 | G58: MSK | H58: SHANGHAI | I58: PANTACO | J58: 6250 | L58: 1700 | M58: =SUM(J58:L58) -> 7950 | N58: =M58 -> 7950 | O58: Include cancelation fee $300 & below charges $343.23 Manifest Cancellation Fee: ￥375 Manifest Fee: ￥106 Detention Fee: ￥1750
A59: MLO-AB26059 | B59: JAIME ABADI | C59: MLO-AB | D59: MRSU3369508 | E59: 46189 | F59: 46228 | G59: MSK | H59: NINGBO | I59: PANTACO | J59: 6650 | L59: 1700 | M59: =SUM(J59:L59) -> 8350 | N59: =M59 -> 8350
A60: MLO-AB26046 | B60: JAIME ABADI | C60: MLO-AB | D60: MRSU8849752 | E60: 46189 | F60: 46229 | G60: MSK | H60: SHANGHAI | I60: PANTACO | J60: 6650 | L60: 1700 | M60: =SUM(J60:L60) -> 8350 | N60: =M60 -> 8350
A61: MLO-AB26069 | B61: JAIME ABADI | C61: MLO-AB | D61: CAAU6403975 | E61: 46189 | F61: 46229 | G61: MSK | H61: NINGBO | I61: PANTACO | J61: 6650 | L61: 1700 | M61: =SUM(J61:L61) -> 8350 | N61: =M61 -> 8350
A62: MLO-AB26071 | B62: JAIME ABADI | C62: MLO-AB | D62: FFAU5776540 | E62: 46189 | F62: 46229 | G62: MSK | H62: NINGBO | I62: ALL TRUCK TO PANTACO | J62: 6650 | K62: 290 | L62: 2500 | M62: =SUM(J62:L62) -> 9440 | N62: =M62 -> 9440 | O62: Include changing the destination port on BL after vessel departure charge $250 per container
A63: MLO-AB26072 | B63: JAIME ABADI | C63: MLO-AB | D63: TGBU6786016 | E63: 46189 | F63: 46229 | G63: MSK | H63: NINGBO | I63: PANTACO | J63: 6650 | L63: 1700 | M63: =SUM(J63:L63) -> 8350 | N63: =M63 -> 8350
A64: MLO-AB26047 | B64: JAIME ABADI | C64: MLO-AB | D64: MRSU9709082 | E64: 46189 | F64: 46229 | G64: MSK | H64: SHANGHAI | I64: PANTACO | J64: 6650 | L64: 1700 | M64: =SUM(J64:L64) -> 8350 | N64: =M64 -> 8350
A65: MLO-AB26061 | B65: JAIME ABADI | C65: MLO-AB | D65: MRSU9722654 | E65: 46189 | F65: 46229 | G65: MSK | H65: SHANGHAI | I65: PANTACO | J65: 6650 | L65: 1700 | M65: =SUM(J65:L65) -> 8350 | N65: =M65 -> 8350
A66: MLO-AB26062 | B66: JAIME ABADI | C66: MLO-AB | D66: MRSU9729896 | E66: 46189 | F66: 46229 | G66: MSK | H66: SHANGHAI | I66: PANTACO | J66: 6650 | L66: 1700 | M66: =SUM(J66:L66) -> 8350 | N66: =M66 -> 8350
A67: MLO-AB26063 | B67: JAIME ABADI | C67: MLO-AB | D67: MRSU9728550 | E67: 46189 | F67: 46229 | G67: MSK | H67: SHANGHAI | I67: PANTACO | J67: 6650 | L67: 1700 | M67: =SUM(J67:L67) -> 8350 | N67: =M67 -> 8350
A68: MLO-AB26085 | B68: JAIME ABADI | C68: MLO-AB | D68: MOTU1422047 | E68: 46196 | F68: 46237 | G68: ONE | H68: NINGBO | I68: ALL TRUCK TO PANTACO | J68: 6970 | K68: 250 | L68: 2500 | M68: =SUM(J68:L68) -> 9720 | N68: =M68 -> 9720 | O68: Include changing the destination port on BL after vessel departure charge $250 per container
A69: MLO-AB26064 | B69: JAIME ABADI | C69: MLO-AB | D69: MRSU3939112 | E69: 46198 | F69: 46234 | G69: MSK | H69: NINGBO | I69: PANTACO | J69: 6750 | L69: 1700 | M69: =SUM(J69:L69) -> 8450 | N69: =M69 -> 8450
A70: MLO-AB26065 | B70: JAIME ABADI | C70: MLO-AB | D70: TIIU6964966 | E70: 46196 | F70: 46234 | G70: ONE | H70: NINGBO | I70: PANTACO | J70: 6950 | L70: 1700 | M70: =SUM(J70:L70) -> 8650 | N70: =M70 -> 8650
A71: MLO-AB26066 | B71: JAIME ABADI | C71: MLO-AB | D71: HASU4255109 | E71: 46198 | F71: 46234 | G71: MSK | H71: NINGBO | I71: PANTACO | J71: 6750 | L71: 1700 | M71: =SUM(J71:L71) -> 8450 | N71: =M71 -> 8450
A72: MLO-AB26074 | B72: JAIME ABADI | C72: MLO-AB | D72: HASU5089168 | E72: 46198 | F72: 46234 | G72: MSK | H72: NINGBO | I72: PANTACO | J72: 6750 | L72: 1700 | M72: =SUM(J72:L72) -> 8450 | N72: =M72 -> 8450
A73: MLO-AB26075 | B73: JAIME ABADI | C73: MLO-AB | D73: MSMU7610573 | E73: 46195 | F73: 46225 | G73: MSC | H73: NINGBO | I73: LAZARO CARDENAS,MX | J73: 6800 | L73: 0 | M73: =SUM(J73:L73) -> 6800 | N73: =M73 -> 6800
A74: MLO-AB26076 | B74: JAIME ABADI | C74: MLO-AB | D74: OOCU5430849 | E74: 46193 | F74: 46233 | G74: COSCO | H74: SHANGHAI | I74: PANTACO | J74: 6750 | L74: 1700 | M74: =SUM(J74:L74) -> 8450 | N74: =M74 -> 8450
A75: MLO-AB26077 | B75: JAIME ABADI | C75: MLO-AB | D75: FFAU6918845 | E75: 46193 | F75: 46233 | G75: COSCO | H75: SHANGHAI | I75: PANTACO | J75: 6750 | L75: 1700 | M75: =SUM(J75:L75) -> 8450 | N75: =M75 -> 8450
A76: MLO-AB26079 | B76: JAIME ABADI | C76: MLO-AB | D76: MRSU8142380 | E76: 46196 | F76: 46239 | G76: MSK | H76: NINGBO | I76: PANTACO | J76: 6750 | L76: 1700 | M76: =SUM(J76:L76) -> 8450 | N76: =M76 -> 8450
A77: MLO-AB26082 | B77: JAIME ABADI | C77: MLO-AB | D77: TRHU4763967 | E77: 46196 | F77: 46237 | G77: MSK | H77: NINGBO | I77: PANTACO | J77: 6750 | L77: 1700 | M77: =SUM(J77:L77) -> 8450 | N77: =M77 -> 8450
A78: MLO-AB26083 | B78: JAIME ABADI | C78: MLO-AB | D78: MRKU2935207 | E78: 46196 | F78: 46237 | G78: MSK | H78: NINGBO | I78: PANTACO | J78: 6750 | L78: 1700 | M78: =SUM(J78:L78) -> 8450 | N78: =M78 -> 8450
A79: MLO-AB26084 | B79: JAIME ABADI | C79: MLO-AB | D79: TCLU5763934 | E79: 46196 | F79: 46237 | G79: MSK | H79: NINGBO | I79: PANTACO | J79: 6750 | L79: 1700 | M79: =SUM(J79:L79) -> 8450 | N79: =M79 -> 8450
A80: MLO-AB26088 | B80: JAIME ABADI | C80: MLO-AB | D80: ONEU4297439 | E80: 46197 | F80: 46239 | G80: ONE | H80: NINGBO | I80: PANTACO | J80: 6950 | L80: 1700 | M80: =SUM(J80:L80) -> 8650 | N80: =M80 -> 8650
... A98: MLO-AB26108 | B98: JAIME ABADI | C98: MLO-AB | D98: CAAU7400923 | E98: 46208 | F98: 46249 | G98: MSK | H98: NINGBO | I98: PANTACO | J98: 6750 | L98: 1700 | M98: =SUM(J98:L98) -> 8450 | N98: =M98 -> 8450
A99: MLO-AB26057 | B99: JAIME ABADI | C99: MLO-AB | D99: MOTU5816542 | E99: 46192 | F99: 46232 | G99: ONE | H99: NINGBO | I99: PANTACO | J99: =7600 -> 7600 | K99: 644 | L99: 1700 | M99: =SUM(J99:L99) -> 9944 | N99: =M99 -> 9944 | O99: Include cancelation fee $300 & below charges $343.23 Manifest Cancellation Fee: ￥375 Manifest Fee: ￥106 Detention Fee: ￥1750
A100: MLO-AB26067 | B100: JAIME ABADI | C100: MLO-AB | D100: ONEU0575721 | E100: 46192 | F100: 46232 | G100: ONE | H100: NINGBO | I100: PANTACO | J100: 7600 | K100: 1440 | L100: 1700 | M100: =SUM(J100:L100) -> 10740 | N100: =M100 -> 10740 | O100: Include cancelation fee $300 & below charges $294.77 Manifest Cancellation Fee: ￥375 Manifest Fee: ￥106 Detention Fee: ￥1435 & after loaded to houston, Rosalba ask take back and ship to Mexico total charges $844.61
A101: MLO-AB26068 | B101: JAIME ABADI | C101: MLO-AB | D101: CAJU5439671 | E101: 46193 | F101: 46232 | G101: COSCO | H101: SHANGHAI | I101: PANTACO | J101: 7300 | K101: 2340 | L101: 1700 | M101: =SUM(J101:L101) -> 11340 | N101: =M101 -> 11340 | O101: Include cancelation fee $300 & below charges $246.31 Manifest Cancellation Fee: ￥375 Manifest Fee: ￥106 Detention Fee: ￥1120 & after loaded to houston, Rosalba ask take back and ship to Mexico total charges $1793.01
A102: MLO-AB26093 | B102: JAIME ABADI | C102: MLO-AB | D102: MRKU4470393 | E102: 46208 | F102: 46246 | G102: MSK | H102: LIANYUNGANG | I102: PANTACO | J102: 7050 | L102: 1700 | M102: =SUM(J102:L102) -> 8750 | N102: =M102 -> 8750
A103: MLO-AB26099 | B103: JAIME ABADI | C103: MLO-AB | D103: CAJU5448014 | E103: 46207 | F103: 46248 | G103: COSCO | H103: SHANGHAI | I103: PANTACO | J103: 6200 | L103: 1700 | M103: =SUM(J103:L103) -> 7900 | N103: =M103 -> 7900
A104: MLO-AB26100 | B104: JAIME ABADI | C104: MLO-AB | D104: CBHU9596490 | E104: 46207 | F104: 46248 | G104: COSCO | H104: SHANGHAI | I104: PANTACO | J104: 6200 | L104: 1700 | M104: =SUM(J104:L104) -> 7900 | N104: =M104 -> 7900
A105: MLO-AB26101 | B105: JAIME ABADI | C105: MLO-AB | D105: OOCU7643308 | E105: 46207 | F105: 46248 | G105: COSCO | H105: SHANGHAI | I105: PANTACO | J105: 6200 | L105: 1700 | M105: =SUM(J105:L105) -> 7900 | N105: =M105 -> 7900
A106: MLO-AB26102 | B106: JAIME ABADI | C106: MLO-AB | D106: TGBU5376700 | E106: 46210 | F106: 46251 | G106: MSK | H106: SHANGHAI | I106: PANTACO | J106: 6250 | L106: 1700 | M106: =SUM(J106:L106) -> 7950 | N106: =M106 -> 7950
A107: MLO-AB26109 | B107: JAIME ABADI | C107: MLO-AB | D107: CAAU4637022 | E107: 46214 | F107: 46255 | G107: ONE | H107: NINGBO | I107: PANTACO | J107: 5900 | L107: 1700 | M107: =SUM(J107:L107) -> 7600 | N107: =M107 -> 7600
A108: MLO-AB26039 | B108: JAIME ABADI | C108: MLO-AB | D108: ONEU1041504 | E108: 46196 | F108: 46234 | G108: MSK | H108: NINGBO | I108: PANTACO | J108: =7865+1400 -> 9265 | L108: 1700 | M108: =SUM(J108:L108) -> 10965 | N108: =M108 -> 10965
A109: MLO-AB26103 | B109: JAIME ABADI | C109: MLO-AB | D109: TRHU5256191 | E109: 46215 | F109: 46256 | G109: MSK | H109: NINGBO | I109: PANTACO | J109: 5850 | L109: 1700 | M109: =SUM(J109:L109) -> 7550 | N109: =M109 -> 7550
A110: MLO-AB26110 | B110: JAIME ABADI | C110: MLO-AB | D110: MRKU2693926 | E110: 46217 | F110: 46249 | G110: MSK | H110: SHANGHAI | I110: PANTACO | J110: 5350 | L110: 1700 | M110: =SUM(J110:L110) -> 7050 | N110: =M110 -> 7050
A111: MLO-AB26111 | B111: JAIME ABADI | C111: MLO-AB | D111: MRKU4742932 | E111: 46217 | F111: 46249 | G111: MSK | H111: SHANGHAI | I111: PANTACO | J111: 5350 | L111: 1700 | M111: =SUM(J111:L111) -> 7050 | N111: =M111 -> 7050
A112: MLO-AB26112 | B112: JAIME ABADI | C112: MLO-AB | D112: CAAU6506823 | E112: 46217 | F112: 46249 | G112: MSK | H112: SHANGHAI | I112: PANTACO | J112: 5350 | L112: 1700 | M112: =SUM(J112:L112) -> 7050 | N112: =M112 -> 7050
A113: MLO-AB26113 | B113: JAIME ABADI | C113: MLO-AB | D113: MRSU3276513 | E113: 46217 | F113: 46249 | G113: MSK | H113: SHANGHAI | I113: PANTACO | J113: 5350 | L113: 1700 | M113: =SUM(J113:L113) -> 7050 | N113: =M113 -> 7050
A114: MLO-AB26115 | B114: JAIME ABADI | C114: MLO-AB | D114: MRSU7201019 | E114: 46217 | F114: 46249 | G114: MSK | H114: SHANGHAI | I114: PANTACO | J114: 5350 | L114: 1700 | M114: =SUM(J114:L114) -> 7050 | N114: =M114 -> 7050
A115: MLO-AB26116 | B115: JAIME ABADI | C115: MLO-AB | D115: CAAU7766213 | E115: 46217 | F115: 46249 | G115: MSK | H115: SHANGHAI | I115: PANTACO | J115: 5350 | L115: 1700 | M115: =SUM(J115:L115) -> 7050 | N115: =M115 -> 7050
A116: MLO-AB26117 | B116: JAIME ABADI | C116: MLO-AB | D116: GCXU5680789 | E116: 46217 | F116: 46249 | G116: MSK | H116: SHANGHAI | I116: LAZARO CARDENAS,MX | J116: 5350 | L116: 0 | M116: =SUM(J116:L116) -> 5350 | N116: =M116 -> 5350
A117: MLO-AB26104 | B117: JAIME ABADI | C117: MLO-AB | D117: TGBU4954511 | E117: 46221 | F117: 46252 | G117: COSCO | H117: QINGDAO | I117: LAZARO CARDENAS,MX | J117: 5500 | L117: 0 | M117: =SUM(J117:L117) -> 5500 | N117: =M117 -> 5500
A118: MLO-AB26114 | B118: JAIME ABADI | C118: MLO-AB | D118: MRKU5168109 | E118: 46217 | F118: 46249 | G118: MSK | H118: SHANGHAI | I118: PANTACO | J118: 5350 | L118: 1700 | M118: =SUM(J118:L118) -> 7050 | N118: =M118 -> 7050
A119: MLO-AB26119 | B119: JAIME ABADI | C119: MLO-AB | D119: MRSU8635350 | E119: 46222 | F119: 46253 | G119: MSK | H119: NINGBO | I119: PANTACO | J119: 5350 | L119: 1700 | M119: =SUM(J119:L119) -> 7050 | N119: =M119 -> 7050
A120: MLO-AB26121 | B120: JAIME ABADI | C120: MLO-AB | D120: TLLU5670038 | E120: 46231 | F120: 46273 | G120: ONE | H120: NINGBO | I120: PANTACO | J120: 4700 | L120: 1700 | M120: =SUM(J120:L120) -> 6400 | N120: =M120 -> 6400
... A165: MLO-AB26181 | B165: AMIGA/TECNOMUNDO | C165: MLO-AB | D165: TGBU9348604 | E165: 46260 | F165: 46299 | G165: MSK | H165: NINGBO | I165: PANTACO | J165: 7550 | L165: 1700 | M165: =SUM(J165:L165) -> 9250 | N165: =M165 -> 9250
...

Sheet NUDU
K1: =SUM(K3:K159)-SUM(N4:N20) -> 0
A2: REF/INV NO | B2: CUSTOMER | C2: CUSTOMER FOR | D2: CONTAINER | E2: ETD | F2: ETA | G2: SHIPPING LINE | H2: POL | I2: POD | J2: BILL AMT
A3: NUDU-26001/B7 | B3: NUDU | C3: NUDU | D3: CSNU6026379 | E3: 46035 | F3: 46057 | G3: COSCO | H3: QINGDAO | I3: MANZANILLO,MX | J3: 1450 | K3: have paid to ML-CHINA | M3: DATE | N3: PAY
A4: NUDU-26002/B8 | B4: NUDU | C4: NUDU | D4: DFSU7408071 | E4: 46035 | F4: 46057 | G4: COSCO | H4: QINGDAO | I4: MANZANILLO,MX | J4: 1450 | K4: have paid to ML-CHINA | M4: 46136 | N4: 10500
A5: NUDU-26003/B9 | B5: NUDU | C5: NUDU | D5: UETU5389258 | E5: 46035 | F5: 46057 | G5: COSCO | H5: QINGDAO | I5: MANZANILLO,MX | J5: 1450 | K5: have paid to ML-CHINA | M5: 46126 | N5: 7500
A6: NUDU-26004/B10 | B6: NUDU | C6: NUDU | D6: CSNU5614866 | E6: 46035 | F6: 46057 | G6: COSCO | H6: QINGDAO | I6: MANZANILLO,MX | J6: 1450 | K6: have paid to ML-CHINA | M6: 41925 | N6: 5000
A7: NUDU-26006//945 | B7: NUDU | C7: NUDU | D7: TGBU9992957 | E7: 46045 | F7: 46064 | G7: COSCO | H7: NINGBO | I7: LAZARO CARDENAS,MX | J7: 1300 | K7: 1300
A8: NUDU-26005//944 | B8: NUDU | C8: NUDU | D8: DRYU9849521 | E8: 46037 | F8: 46069 | G8: EMC | H8: NINGBO | I8: LAZARO CARDENAS,MX | J8: 1350 | K8: 1350
A9: NUDU-26009//941 | B9: NUDU | C9: NUDU | D9: CMAU9829830 | E9: 46049 | F9: 46074 | G9: CMA | H9: TIANJIN | I9: MANZANILLO,MX | J9: 1200 | K9: 1200
A10: NUDU-26011//B11 | B10: NUDU | C10: NUDU | D10: MRSU6705170 | E10: 46053 | F10: 46081 | G10: MSK | H10: QINGDAO | I10: MANZANILLO,MX | J10: 1300 | K10: have paid to ML-CHINA
A11: NUDU-26012//B12 | B11: NUDU | C11: NUDU | D11: MRSU9488551 | E11: 46053 | F11: 46081 | G11: MSK | H11: QINGDAO | I11: MANZANILLO,MX | J11: 1300 | K11: have paid to ML-CHINA
A12: NUDU-26010//947 | B12: NUDU | C12: NUDU | D12: TEMU7860550 | E12: 46056 | F12: 46082 | G12: COSCO | H12: NINGBO | I12: LAZARO CARDENAS,MX | J12: 1400 | K12: 1400
A13: NUDU-26024//942 | B13: NUDU | C13: NUDU | D13: BSIU9686619 | E13: 46063 | F13: 46082 | G13: ZIM | H13: SHANGHAI | I13: MANZANILLO,MX | J13: 1250 | K13: 1250
A14: NUDU-26025//940 | B14: NUDU | C14: NUDU | D14: MAGU5524670 | E14: 46047 | F14: 46085 | G14: COSCO | H14: TIANJIN | I14: MANZANILLO,MX | J14: 1300 | K14: 1300
A15: NUDU-26017//B17 | B15: NUDU | C15: NUDU | D15: BEAU4267055 | E15: 46061 | F15: 46089 | G15: MSC | H15: QINGDAO | I15: MANZANILLO,MX | J15: 1300 | K15: have paid to ML-CHINA
A16: NUDU-26018//B18 | B16: NUDU | C16: NUDU | D16: TLLU8731733 | E16: 46061 | F16: 46089 | G16: MSC | H16: QINGDAO | I16: MANZANILLO,MX | J16: 1300 | K16: have paid to ML-CHINA
A17: NUDU-26019//B19 | B17: NUDU | C17: NUDU | D17: MSDU8207720 | E17: 46061 | F17: 46089 | G17: MSC | H17: QINGDAO | I17: MANZANILLO,MX | J17: 1300 | K17: have paid to ML-CHINA
A18: NUDU-26020//B20 | B18: NUDU | C18: NUDU | D18: FSCU8028560 | E18: 46061 | F18: 46089 | G18: MSC | H18: QINGDAO | I18: MANZANILLO,MX | J18: 1300 | K18: have paid to ML-CHINA
A19: NUDU-26021//B21 | B19: NUDU | C19: NUDU | D19: MSMU4159722 | E19: 46061 | F19: 46089 | G19: MSC | H19: QINGDAO | I19: MANZANILLO,MX | J19: 1300 | K19: have paid to ML-CHINA
A20: NUDU-26022//B22 | B20: NUDU | C20: NUDU | D20: TCLU1711207 | E20: 46061 | F20: 46089 | G20: MSC | H20: QINGDAO | I20: MANZANILLO,MX | J20: 1300 | K20: have paid to ML-CHINA
A21: NUDU-26023//955 | B21: NUDU | C21: NUDU | D21: ZCSU7728385 | E21: 46061 | F21: 46089 | G21: ZIM | H21: NINGBO | I21: MANZANILLO,MX | J21: 1250 | K21: 1250
A22: NUDU-26027//952 | B22: NUDU | C22: NUDU | D22: MSDU6210067 | E22: 46068 | F22: 46089 | G22: MSC | H22: NINGBO | I22: MANZANILLO,MX | J22: 2600 | K22: 2600
A23: NUDU-26029//954 | B23: NUDU | C23: NUDU | D23: MSMU4143475 | E23: 46068 | F23: 46089 | G23: MSC | H23: NINGBO | I23: MANZANILLO,MX | J23: 2600 | K23: 2600
A24: NUDU-26013//B13 | B24: NUDU | C24: NUDU | D24: CAAU6671406 | E24: 46060 | F24: 46095 | G24: MSK | H24: QINGDAO | I24: MANZANILLO,MX | J24: 1300 | K24: have paid to ML-CHINA
A25: NUDU-26014//B14 | B25: NUDU | C25: NUDU | D25: MRSU3681882 | E25: 46060 | F25: 46095 | G25: MSK | H25: QINGDAO | I25: MANZANILLO,MX | J25: 1300 | K25: have paid to ML-CHINA
A26: NUDU-26015//B15 | B26: NUDU | C26: NUDU | D26: SEGU4747143 | E26: 46060 | F26: 46095 | G26: MSK | H26: QINGDAO | I26: MANZANILLO,MX | J26: 1300 | K26: have paid to ML-CHINA
A27: NUDU-26016//B16 | B27: NUDU | C27: NUDU | D27: CAJU5187040 | E27: 46060 | F27: 46095 | G27: MSK | H27: QINGDAO | I27: MANZANILLO,MX | J27: 1300 | K27: have paid to ML-CHINA
A28: NUDU-26026//951 | B28: NUDU | C28: NUDU | D28: ZCSU7274410 | E28: 46061 | F28: 46109 | G28: CMA | H28: NINGBO | I28: HOUSTON | J28: 3400 | K28: 3400
A29: NUDU-26028//953 | B29: NUDU | C29: NUDU | D29: HMMU4368388 | E29: 46068 | F29: 46114 | G29: HMM | H29: NINGBO | I29: MANZANILLO,MX | J29: 2450 | K29: 2450
A30: NUDU-26007/B24 | B30: NUDU | C30: NUDU | D30: TRHU5820110 | E30: 46066 | F30: 46116 | G30: COSCO | H30: TIANJIN | I30: MANZANILLO,MX | J30: 1450 | K30: 1450
A31: NUDU-26008/B23 | B31: NUDU | C31: NUDU | D31: OOCU8979468 | E31: 46066 | F31: 46116 | G31: COSCO | H31: TIANJIN | I31: MANZANILLO,MX | J31: 1450 | K31: 1450

Sheet IHE
N1: =SUM(N3:N116)-SUM(Q4:Q14) -> 12650
A2: REF/INV NO | B2: CUSTOMER | C2: CUSTOMER FOR | D2: BL | E2: CONTAINER | F2: ETD | G2: ETA | H2: SHIPPING LINE | I2: POL | J2: POD | K2: TOTAL COST | L2: PREVIO/INSURANCE | M2: RAIL | N2: BILL AMT
A3: IHE-25045 | B3: ISAAC HEMZANI | C3: IHE | D3: TLX | E3: HMMU6395166 | F3: 45668 | G3: 46056 | H3: HMM | I3: NINGBO | J3: LAZARO CARDENAS,MX | K3: 1500 | L3: 0 | M3: 0 | N3: =K3+L3 -> 1500 | P3: DATE | Q3: PAY
A4: IHE-26001 | B4: ISAAC HEMZANI | C4: IHE | D4: TLX | E4: HMMU7115830 | F4: 46054 | G4: 46077 | H4: HMM | I4: NINGBO | J4: LAZARO CARDENAS,MX | K4: 1550 | L4: 0 | M4: 0 | N4: =K4+L4 -> 1550 | P4: 46112 | Q4: 6500
A5: IHE-26003 | B5: ISAAC HEMZANI | C5: IHE | D5: TLX | E5: HMMU4747777 | F5: 46054 | G5: 46077 | H5: HMM | I5: NINGBO | J5: LAZARO CARDENAS,MX | K5: 1550 | L5: 0 | M5: 0 | N5: =K5+L5 -> 1550 | P5: 46185 | Q5: 20000
A6: IHEMSANI-26001 | B6: ISAAC HEMZANI | C6: IHE | D6: TLX | E6: TGBU7755792 | F6: 46051 | G6: 46082 | H6: CMA | I6: NINGBO | J6: HOUSTON , TEXAS, US | K6: 3750 | L6: 0 | M6: 0 | N6: =K6+L6 -> 3750 | P6: 46212 | Q6: 20000
A7: IHEMSANI-26002 | B7: ISAAC HEMZANI | C7: IHE | D7: TLX | E7: SEGU4416079 | F7: 46051 | G7: 46082 | H7: CMA | I7: NINGBO | J7: HOUSTON , TEXAS, US | K7: 3750 | L7: 0 | M7: 0 | N7: =K7+L7 -> 3750 | P7: 46227 | Q7: 8200
A8: IHE-26005 | B8: ISAAC HEMSANI | C8: IHE | D8: TLX | E8: OOCU8228169 | F8: 46054 | G8: 46082 | H8: COSCO | I8: NINGBO | J8: LAZARO CARDENAS,MX | K8: 1600 | L8: 0 | M8: 0 | N8: =K8+L8 -> 1600 | P8: 46247 | Q8: 6250
A9: IHE-26004 | B9: ISAAC HEMZANI | C9: IHE | D9: TLX | E9: TCNU5552564 | F9: 46047 | G9: 46089 | H9: COSCO | I9: TIANJIN | J9: LAZARO CARDENAS,MX | K9: 1500 | L9: 0 | M9: 0 | N9: =K9+L9 -> 1500 | P9: 46289 | Q9: 10000
A10: IHEMSANI-26003 | B10: ISAAC HEMZANI | C10: IHE | D10: TLX | E10: CSNU5678963 | F10: 46065 | G10: 46092 | H10: COSCO | I10: NINGBO | J10: HOUSTON | K10: 3550 | L10: 0 | M10: 0 | N10: =K10+L10 -> 3550 | P10: 46308 | Q10: 10000
A11: IHEMSANI-26004 | B11: ISAAC HEMZANI | C11: IHE | D11: TLX | E11: CSNU6946947 | F11: 46065 | G11: 46092 | H11: COSCO | I11: NINGBO | J11: HOUSTON | K11: 3550 | L11: 0 | M11: 0 | N11: =K11+L11 -> 3550
A12: IHE-26008 | B12: ISAAC HEMZANI | C12: IHE | D12: TLX | E12: OOLU9197599 | F12: 46066 | G12: 46101 | H12: COSCO | I12: TIANJIN | J12: LAZARO CARDENAS,MX | K12: 1450 | L12: 0 | M12: 0 | N12: =K12+L12 -> 1450
A13: IHE-26007 | B13: ISAAC HEMZANI | C13: IHE | D13: TLX | E13: EGSU9369167 | F13: 46086 | G13: 46106 | H13: EMC | I13: NINGBO | J13: LAZARO CARDENAS,MX | K13: 3000 | L13: 0 | M13: 0 | N13: 2950
A14: IHE-26006 | B14: ISAAC HEMZANI | C14: IHE | D14: TLX | E14: TRHU7960574 | F14: 46086 | G14: 46106 | H14: EMC | I14: NINGBO | J14: LAZARO CARDENAS,MX | K14: 3100 | L14: 0 | M14: 0 | N14: =K14+L14 -> 3100
A15: IHE-26002 | B15: ISAAC HEMZANI | C15: IHE | D15: TLX | E15: HMMU4731560 | F15: 46068 | G15: 46112 | H15: HMM | I15: NINGBO | J15: LAZARO CARDENAS,MX | K15: 2550 | L15: 0 | M15: 0 | N15: =K15+L15 -> 2550
A16: IHE-26009 | B16: ISAAC HEMZANI | C16: IHE | D16: TLX | E16: TXGU7206706 | F16: 46105 | G16: 46130 | H16: CMA | I16: TIANJIN | J16: MANZANILLO | K16: 3150 | L16: 0 | M16: 0 | N16: =K16+L16 -> 3150
A17: IHE-26010 | B17: ISAAC HEMZANI | C17: IHE | D17: TLX | E17: CSNU7289786 | F17: 46105 | G17: 46131 | H17: COSCO | I17: NINGBO | J17: LAZARO CARDENAS,MX | K17: 2900 | L17: 0 | M17: 0 | N17: =K17+L17 -> 2900
A18: IHE-26012 | B18: ISAAC HEMZANI | C18: IHE | D18: TLX | E18: DFSU7360363 | F18: 46119 | G18: 46144 | H18: CMA | I18: TIANJIN | J18: MANZANILLO | K18: 3150 | L18: 0 | M18: 0 | N18: =K18+L18 -> 3150
A19: IHE-26011 | B19: ISAAC HEMZANI | C19: IHE | D19: TLX | E19: CMAU9884843 | F19: 46119 | G19: 46148 | H19: CMA | I19: TIANJIN | J19: LAZARO CARDENAS,MX | K19: 3150 | L19: 0 | M19: 0 | N19: =K19+L19 -> 3150
A20: IHE-26013 | B20: ISAAC HEMZANI | C20: IHE | D20: TLX | E20: APHU6793680 | F20: 46147 | G20: 46178 | H20: CMA | I20: TIANJIN | J20: LAZARO CARDENAS,MX | K20: 3050 | L20: 0 | M20: 0 | N20: =K20+L20 -> 3050
A21: IHE-26014 | B21: ISAAC HEMZANI | C21: IHE | D21: TLX | E21: CMAU4207161 | F21: 46180 | G21: 46211 | H21: CMA | I21: TIANJIN | J21: LAZARO CARDENAS,MX | K21: 5350 | L21: 0 | M21: 0 | N21: =K21+L21 -> 5350
A22: IHE-26015 | B22: ISAAC HEMZANI | C22: IHE | D22: TLX | E22: MRSU4798024 | F22: 46188 | G22: 46218 | H22: MSK | I22: TIANJIN | J22: LAZARO CARDENAS,MX | K22: 6250 | L22: 0 | M22: 0 | N22: =K22+L22 -> 6250
A23: IHE-26016 | B23: ISAAC HEMZANI | C23: IHE | D23: TLX | E23: OOCU7988362 | F23: 46189 | G23: 46215 | H23: COSCO | I23: NINGBO | J23: LAZARO CARDENAS,RAIL-PANTACO(MEXICO CITY) | K23: 8200 | L23: 0 | M23: 0 | N23: =K23+L23 -> 8200
A24: IHE-26017 | B24: ISAAC HEMZANI | C24: IHE | D24: TLX | E24: FFAU3367862 | F24: 46221 | G24: 46249 | H24: COSCO | I24: QINGDAO | J24: LAZARO CARDENAS,MX | K24: 5500 | L24: 0 | M24: 0 | N24: =K24+L24 -> 5500
A25: IHE-26018 | B25: ISAAC HEMZANI | C25: IHE | D25: TLX | E25: SEGU6838258 | F25: 46224 | G25: 46264 | H25: COSCO | I25: NINGBO | J25: LAZARO CARDENAS,MX | K25: 5500 | L25: 0 | M25: 0 | N25: =K25+L25 -> 5500
A26: IHE-26019 | B26: ISAAC HEMZANI | C26: IHE | D26: TLX | E26: UETU5469477 | F26: 46238 | G26: 46276 | H26: COSCO | I26: NINGBO | J26: LAZARO CARDENAS,MX | K26: 5400 | L26: 0 | M26: 0 | N26: =K26+L26 -> 5400
A27: IHE-26021 | B27: ISAAC HEMZANI | C27: IHE | D27: TLX | E27: TCKU7219305 | F27: 46273 | G27: 46295 | H27: ONE | I27: NINGBO | J27: PANTACO | K27: 7950 | L27: 0 | M27: 1700 | N27: =K27+L27+M27 -> 9650

Sheet ELI
L1: =SUM(L3:L54) -> 0
A2: REF/INV NO | B2: CUSTOMER | C2: CUSTOMER FOR | D2: BL | E2: CONTAINER | F2: ETD | G2: ETA | H2: SHIPPING LINE | I2: POL | J2: POD | K2: BILL AMT
N3: DATE | O3: PAY

Sheet HHB
N1: =SUM(M3:M124)-SUM(Q4:Q124) -> 19337
A2: REF/INV NO | B2: CUSTOMER | C2: CUSTOMER FOR | D2: BL | E2: CONTAINER | F2: ETD | G2: ETA | H2: SHIPPING LINE | I2: POL | J2: POD | K2: TOTAL COST | L2: EXW FEE | M2: BILL AMT
A3: HHB-26001 | B3: HABIB HASBANI | C3: MLO-HHB | D3: TLX | E3: SKIU9100097 | F3: 46042 | G3: 46064 | H3: EMC | I3: SHENZHEN | J3: LAZARO CARDENAS,MX | K3: 1350 | L3: 0 | M3: =K3+L3 -> 1350 | N3: 0 | P3: DATE | Q3: PAY
A4: HHB-26002 | B4: HABIB HASBANI | C4: MLO-HHB | D4: TLX | E4: SEKU5891041 | F4: 46049 | G4: 46077 | H4: CMA | I4: TIANJIN | J4: LAZARO CARDENAS,MX | K4: 1150 | L4: 0 | M4: =K4 -> 1150 | N4: 0 | P4: 46128 | Q4: 12250
A5: HHB-26003 | B5: HABIB HASBANI | C5: MLO-HHB | D5: TLX | E5: MSDU6194177 | F5: 46050 | G5: 46084 | H5: MSC | I5: XIAMEN | J5: LAZARO CARDENAS,MX | K5: 1330 | L5: 1150 | M5: 2500 | N5: 0 | P5: 46254 | Q5: 19963
A6: HHB-26004 | B6: HABIB HASBANI | C6: MLO-HHB | D6: TLX | E6: MSMU7576247 | F6: 46057 | G6: 46091 | H6: MSC | I6: XIAMEN | J6: LAZARO CARDENAS,MX | K6: 1330 | L6: 1150 | M6: 2500 | N6: 0
A7: HHB-26005 | B7: HABIB HASBANI | C7: MLO-HHB | D7: TLX | E7: MSMU4428441 | F7: 46106 | G7: 46140 | H7: MSC | I7: XIAMEN | J7: LAZARO CARDENAS,MX | K7: 3600 | L7: 1150 | M7: =SUM(K7:L7) -> 4750 | N7: 0
A8: HHB-26006 | B8: HABIB HASBANI | C8: MLO-HHB | D8: TLX | E8: ONEU6065704 | F8: 46162 | G8: 46196 | H8: ONE | I8: XIAMEN | J8: LAZARO CARDENAS,MX | K8: 4150 | L8: 1150 | M8: =SUM(K8:L8) -> 5300 | N8: 0
A9: HHB-26007 | B9: HABIB HASBANI | C9: MLO-HHB | D9: TLX | E9: BMOU6476444 | F9: 46173 | G9: 46206 | H9: CMA | I9: NINGBO | J9: LAZARO CARDENAS,MX | K9: 5350 | L9: 0 | M9: =SUM(K9:L9) -> 5350 | N9: 0
A10: HHB-26009 | B10: HABIB HASBANI | C10: MLO-HHB | D10: TLX | E10: MSDU5291510 | F10: 46183 | G10: 46217 | H10: MSC | I10: XIAMEN | J10: LAZARO CARDENAS,MX | K10: 6300 | L10: 1150 | M10: =SUM(K10:L10) -> 7450 | N10: 0
A11: HHB-26008 | B11: HABIB HASBANI | C11: MLO-HHB | D11: TLX | E11: MSMU7948386 | F11: 46183 | G11: 46218 | H11: MSC | I11: SHENZHEN | J11: LAZARO CARDENAS,MX | K11: 6250 | L11: 0 | M11: =SUM(K11:L11) -> 6250 | N11: 4386.95
A12: HHB-26010 | B12: HABIB HASBANI | C12: MLO-HHB | D12: TLX | E12: CAAU4534132 | F12: 46259 | G12: 46291 | H12: MSK | I12: NINGBO | J12: LAZARO CARDENAS,MX | K12: 7600 | L12: 0 | M12: =SUM(K12:L12) -> 7600 | N12: =SUM(L12:M12) -> 7600
A13: HHB-26011 | B13: HABIB HASBANI | C13: MLO-HHB | D13: TLX | E13: MSBU8306176 | F13: 46255 | G13: 46289 | H13: MSC | I13: TIANJIN | J13: LAZARO CARDENAS,MX | K13: 7350 | L13: 0 | M13: =SUM(K13:L13) -> 7350 | N13: =SUM(L13:M13) -> 7350

Sheet RED
P1: =SUM(O3:O118)-SUM(S4:S5) -> 40680
A2: REF/INV NO | B2: CUSTOMER | C2: CUSTOMER FOR | D2: BL | E2: CONTAINER | F2: ETD | G2: ETA | H2: SHIPPING LINE | I2: POL | J2: POD | K2: TOTAL COST | L2: RAIL | M2: PREVIO | N2: INSURANCE | O2: BILL AMT
A3: RED-26001 | B3: SHLOMO GALOR | C3: SHLOMO GALOR | D3: TLX | E3: TRHU6545840 | F3: 46040 | G3: 46064 | H3: EMC | I3: SHENZHEN | J3: LAZARO CARDENAS,MX | K3: 1350 | L3: 0 | M3: 180 | N3: 100 | O3: =SUM(K3:N3) -> 1630 | P3: 0 | R3: DATE | S3: PAY
A4: RED-26002 | B4: SHLOMO GALOR | C4: SHLOMO GALOR | D4: TLX | E4: TCNU4831461 | F4: 46043 | G4: 46080 | H4: ONE | I4: YANTIAN | J4: LAZARO CARDENAS,MX | K4: 1250 | L4: 0 | M4: 180 | N4: 100 | O4: =SUM(K4:N4) -> 1530 | P4: 0 | R4: 46301 | S4: 40000
A5: RED-26003 | B5: SHLOMO GALOR | C5: SHLOMO GALOR | D5: TLX | E5: EGSU1742058 | F5: 46054 | G5: 46085 | H5: EMC | I5: SHEKOU | J5: LAZARO CARDENAS,MX | K5: 1450 | L5: 0 | M5: 180 | N5: 100 | O5: =SUM(K5:N5) -> 1730 | P5: 0
A6: RED-26004 | B6: SHLOMO GALOR | C6: SHLOMO GALOR | D6: TLX | E6: MSDU8637905 | F6: 46059 | G6: 46098 | H6: MSC | I6: SHEKOU | J6: LAZARO CARDENAS,MX | K6: 1350 | L6: 0 | M6: 180 | N6: 100 | O6: =SUM(K6:N6) -> 1630 | P6: 0
A7: RED-26005 | B7: SHLOMO GALOR | C7: SHLOMO GALOR | D7: TLX | E7: TCLU4980508 | F7: 46066 | G7: 46098 | H7: MSC | I7: SHEKOU | J7: LAZARO CARDENAS,MX | K7: 2600 | L7: 0 | M7: 180 | N7: 100 | O7: =SUM(K7:N7) -> 2880 | P7: 0
A8: RED-26006 | B8: SHLOMO GALOR | C8: SHLOMO GALOR | D8: TLX | E8: MSMU8563012 | F8: 46106 | G8: 46140 | H8: MSC | I8: XIAMEN | J8: LAZARO CARDENAS,MX | K8: 3500 | L8: 0 | M8: 180 | N8: 100 | O8: =SUM(K8:N8) -> 3780 | P8: 0
A9: RED-26007 | B9: SHLOMO GALOR | C9: SHLOMO GALOR | D9: TLX | E9: EMCU1726823 | F9: 46110 | G9: 46134 | H9: EMC | I9: SHEKOU | J9: LAZARO CARDENAS,MX | K9: 3150 | L9: 0 | M9: 180 | N9: 100 | O9: =SUM(K9:N9) -> 3430 | P9: 0
A10: RED-26008 | B10: SHLOMO GALOR | C10: SHLOMO GALOR | D10: TLX | E10: CAIU7768374 | F10: 46134 | G10: 46166 | H10: MSC | I10: YANTIAN | J10: LAZARO CARDENAS,RAIL-PANTACO(MEXICO CITY) | K10: 3100 | L10: 1700 | M10: 180 | N10: 100 | O10: =SUM(K10:N10) -> 5080 | P10: 0
A11: RED-26009 | B11: SHLOMO GALOR | C11: SHLOMO GALOR | D11: TLX | E11: TGBU6439824 | F11: 46148 | G11: 46180 | H11: MSC | I11: YANTIAN | J11: LAZARO CARDENAS,RAIL-PANTACO(MEXICO CITY) | K11: 3100 | L11: 1850 | M11: 180 | N11: 100 | O11: =SUM(K11:N11) -> 5230 | P11: 0
A12: RED-26010 | B12: SHLOMO GALOR | C12: SHLOMO GALOR | D12: TLX | E12: TCNU7624581 | F12: 46148 | G12: 46182 | H12: MSC | I12: XIAMEN | J12: LAZARO CARDENAS,RAIL-PANTACO(MEXICO CITY) | K12: 3100 | L12: 1850 | M12: 180 | N12: 100 | O12: =SUM(K12:N12) -> 5230 | P12: 0
A13: RED-26011 | B13: SHLOMO GALOR | C13: SHLOMO GALOR | D13: TLX | E13: ONEU6396003 | F13: 46183 | G13: 46224 | H13: ONE | I13: XIAMEN | J13: LAZARO CARDENAS,RAIL-PANTACO(MEXICO CITY) | K13: 6200 | L13: 1850 | M13: 180 | N13: 100 | O13: =SUM(K13:N13) -> 8330 | P13: 580
A14: RED-26012 | B14: SHLOMO GALOR | C14: SHLOMO GALOR | D14: TLX | E14: MSMU7260449 | F14: 46210 | G14: 46248 | H14: MSC | I14: XIAMEN | J14: LAZARO CARDENAS,RAIL-PANTACO(MEXICO CITY) | K14: 5900 | L14: 1850 | M14: 180 | N14: 100 | O14: =SUM(K14:N14) -> 8030 | P14: =O14 -> 8030
A15: RED-26013 | B15: SHLOMO GALOR | C15: SHLOMO GALOR | D15: TLX | E15: ONEU4694354 | F15: 46218 | G15: 46252 | H15: ONE | I15: XIAMEN | J15: LAZARO CARDENAS,RAIL-PANTACO(MEXICO CITY) | K15: 5200 | L15: 1850 | M15: 180 | N15: 100 | O15: =SUM(K15:N15) -> 7330 | P15: =O15 -> 7330
A16: RED-26014 | B16: SHLOMO GALOR | C16: SHLOMO GALOR | D16: TLX | E16: ONEU4706223 | F16: 46232 | G16: 46266 | H16: ONE | I16: XIAMEN | J16: LAZARO CARDENAS,RAIL-PANTACO(MEXICO CITY) | K16: 4700 | L16: 1700 | M16: 180 | N16: 100 | O16: =SUM(K16:N16) -> 6680 | P16: =O16 -> 6680
A17: RED-26015 | B17: SHLOMO GALOR | C17: SHLOMO GALOR | D17: TLX | E17: ONEU4706178 | F17: 46246 | G17: 46283 | H17: ONE | I17: XIAMEN | J17: LAZARO CARDENAS,RAIL-PANTACO(MEXICO CITY) | K17: 6600 | L17: 1700 | M17: 180 | N17: 100 | O17: =SUM(K17:N17) -> 8580 | P17: =O17 -> 8580
A18: RED-26016 | B18: SHLOMO GALOR | C18: SHLOMO GALOR | D18: TLX | E18: TCNU6892846 | F18: 46281 | G18: 46326 | H18: ONE | I18: XIAMEN | J18: LAZARO CARDENAS,RAIL-PANTACO(MEXICO CITY) | K18: 7600 | L18: 1700 | M18: 180 | N18: 100 | O18: =SUM(K18:N18) -> 9580 | P18: =O18 -> 9580

Sheet MAN
O1: =SUM(O3:O227)-SUM(R3:R20) -> 50110.91
A2: REF/INV NO | B2: CUSTOMER | C2: CUSTOMER FOR | D2: BL | E2: CONTAINER | F2: ETD | G2: ETA | H2: SHIPPING LINE | I2: POL | J2: POD | K2: TOTAL COST | L2: RAIL | M2: PREVIO | N2: INSURANCE | O2: BILL AMT | Q2: DATE | R2: PAY
A3: MAN-26001 | B3: DAVID MANN | C3: DAVID MANN | D3: TLX | E3: EMCU8556797 | F3: 46033 | G3: 46059 | H3: EMC | I3: SHEKOU | J3: LAZARO CARDENAS,RAIL-PANTACO(MEXICO CITY) | K3: 1700 | L3: 1600 | M3: 180 | N3: 100 | O3: =SUM(K3:N3) -> 3580 | R3: 15000
A4: MAN-26002 | B4: DAVID MANN | C4: DAVID MANN | D4: TLX | E4: EGSU6100301 | F4: 46032 | G4: 46060 | H4: EMC | I4: SHANGHAI | J4: LAZARO CARDENAS,RAIL-PANTACO(MEXICO CITY) | K4: 1700 | L4: 1600 | M4: 180 | N4: 100 | O4: =SUM(K4:N4) -> 3580 | Q4: 46126 | R4: 421
A5: MAN-25071 | B5: DAVID MANN | C5: DAVID MANN | D5: TLX | E5: ONEU5419547 | F5: 45671 | G5: 46071 | H5: ONE | I5: XIAMEN | J5: LAZARO CARDENAS,MX | K5: 1300 | L5: 0 | M5: 180 | N5: 100 | O5: =SUM(K5:N5) -> 1580 | Q5: 46132 | R5: 19016
A6: MAN-25072 | B6: DAVID MANN | C6: DAVID MANN | D6: TLX | E6: TGBU4611908 | F6: 45671 | G6: 46077 | H6: ONE | I6: XIAMEN | J6: LAZARO CARDENAS,MX | K6: 1300 | L6: 0 | M6: 180 | N6: 100 | O6: =SUM(K6:N6) -> 1580 | Q6: 46205 | R6: 27030
A7: MAN-25073 | B7: DAVID MANN | C7: DAVID MANN | D7: TLX | E7: TRHU5579872 | F7: 45671 | G7: 46077 | H7: ONE | I7: XIAMEN | J7: LAZARO CARDENAS,MX | K7: 1300 | L7: 0 | M7: 180 | N7: 100 | O7: =SUM(K7:N7) -> 1580 | Q7: 46258 | R7: 20591.07
A8: MAN-25074 | B8: DAVID MANN | C8: DAVID MANN | D8: TLX | E8: NYKU4975420 | F8: 45671 | G8: 46077 | H8: ONE | I8: XIAMEN | J8: LAZARO CARDENAS,RAIL-PANTACO(MEXICO CITY) | K8: 1300 | L8: 1600 | M8: 180 | N8: 100 | O8: =SUM(K8:N8) -> 3180 | Q8: 46289 | R8: 21937.02
A9: MAN-25075 | B9: DAVID MANN | C9: DAVID MANN | D9: TLX | E9: FFAU6678317 | F9: 45671 | G9: 46077 | H9: ONE | I9: XIAMEN | J9: LAZARO CARDENAS,RAIL-PANTACO(MEXICO CITY) | K9: 1300 | L9: 1600 | M9: 180 | N9: 100 | O9: =SUM(K9:N9) -> 3180 | Q9: 46311 | R9: 29014
A10: MAN-26003 | B10: DAVID MANN | C10: DAVID MANN | D10: TLX | E10: FFAU6298739 | F10: 46036 | G10: 46077 | H10: ONE | I10: XIAMEN | J10: LAZARO CARDENAS,RAIL-PANTACO(MEXICO CITY) | K10: 1300 | L10: 1600 | M10: 180 | N10: 100 | O10: =SUM(K10:N10) -> 3180
A11: MAN-26004 | B11: DAVID MANN | C11: DAVID MANN | D11: TLX | E11: MEDU7453552 | F11: 46050 | G11: 46084 | H11: MSC | I11: XIAMEN | J11: LAZARO CARDENAS,MX | K11: 1350 | L11: 0 | M11: 180 | N11: 100 | O11: =SUM(K11:N11) -> 1630
A12: MAN-26005 | B12: DAVID MANN | C12: DAVID MANN | D12: TLX | E12: MSNU5060867 | F12: 46050 | G12: 46084 | H12: MSC | I12: XIAMEN | J12: LAZARO CARDENAS,RAIL-PANTACO(MEXICO CITY) | K12: 1350 | L12: 1570 | M12: 180 | N12: 100 | O12: =SUM(K12:N12) -> 3200
A13: MAN-26006 | B13: DAVID MANN | C13: DAVID MANN | D13: TLX | E13: MSMU6363606 | F13: 46057 | G13: 46091 | H13: MSC | I13: XIAMEN | J13: LAZARO CARDENAS,MX | K13: 1350 | L13: 0 | M13: 180 | N13: 100 | O13: =SUM(K13:N13) -> 1630
A14: MAN-26008 | B14: DAVID MANN | C14: DAVID MANN | D14: TLX | E14: GAOU7885662 | F14: 46057 | G14: 46091 | H14: MSC | I14: XIAMEN | J14: LAZARO CARDENAS,RAIL-PANTACO(MEXICO CITY) | K14: 1350 | L14: 1570 | M14: 0 | N14: 100 | O14: =SUM(K14:N14) -> 3020
A15: MAN-26007 | B15: DAVID MANN | C15: DAVID MANN | D15: TLX | E15: MSMU4309294 | F15: 46064 | G15: 46095 | H15: MSC | I15: SHANGHAI | J15: LAZARO CARDENAS,RAIL-PANTACO(MEXICO CITY) | K15: 1350 | L15: 1570 | M15: 180 | N15: 100 | O15: =SUM(K15:N15) -> 3200
A16: MAN-26009 | B16: DAVID MANN | C16: DAVID MANN | D16: TLX | E16: TCLU9105736 | F16: 46064 | G16: 46098 | H16: MSC | I16: XIAMEN | J16: LAZARO CARDENAS,RAIL-PANTACO(MEXICO CITY) | K16: 1350 | L16: 1570 | M16: 180 | N16: 100 | O16: =SUM(K16:N16) -> 3200
A17: MAN-26010 | B17: DAVID MANN | C17: DAVID MANN | D17: TLX | E17: BEAU4270254 | F17: 46071 | G17: 46105 | H17: MSC | I17: XIAMEN | J17: LAZARO CARDENAS,MX | K17: 2600 | L17: 0 | M17: 180 | N17: 100 | O17: =SUM(K17:N17) -> 2880
A18: MAN-26011 | B18: DAVID MANN | C18: DAVID MANN | D18: TLX | E18: MSDU6814093 | F18: 46092 | G18: 46126 | H18: MSC | I18: XIAMEN | J18: LAZARO CARDENAS,MX | K18: 3400 | L18: 0 | M18: 180 | N18: 100 | O18: =SUM(K18:N18) -> 3680
A19: MAN-26012 | B19: DAVID MANN | C19: DAVID MANN | D19: TLX | E19: MSMU5832680 | F19: 46099 | G19: 46133 | H19: MSC | I19: XIAMEN | J19: LAZARO CARDENAS,MX | K19: 3050 | L19: 0 | M19: 180 | N19: 100 | O19: =SUM(K19:N19) -> 3330
A20: MAN-26014 | B20: DAVID MANN | C20: DAVID MANN | D20: TLX | E20: MSCU5258099 | F20: 46120 | G20: 46154 | H20: MSC | I20: XIAMEN | J20: LAZARO CARDENAS,MX | K20: 3200 | L20: 0 | M20: 180 | N20: 100 | O20: =SUM(K20:N20) -> 3480
A21: MAN-26013 | B21: DAVID MANN | C21: DAVID MANN | D21: TLX | E21: MEDU4348229 | F21: 46114 | G21: 46155 | H21: MSC | I21: XIAMEN | J21: LAZARO CARDENAS,RAIL-PANTACO(MEXICO CITY) | K21: 3250 | L21: 1570 | M21: 180 | N21: 100 | O21: =SUM(K21:N21) -> 5100
... A39: MAN-26031 | B39: DAVID MANN | C39: DAVID MANN | D39: TLX | E39: CSGU6534961 | F39: 46235 | G39: 46273 | H39: COSCO | I39: SHANGHAI | J39: LAZARO CARDENAS,MX | K39: 5600 | L39: 0 | M39: 180 | N39: 100 | O39: =SUM(K39:N39) -> 5880
A40: MAN-26032 | B40: DAVID MANN | C40: DAVID MANN | D40: TLX | E40: FFAU6723946 | F40: 46239 | G40: 46277 | H40: ONE | I40: XIAMEN | J40: LAZARO CARDENAS,MX | K40: =5600+40 -> 5640 | L40: 0 | M40: 180 | N40: 100 | O40: =SUM(K40:N40) -> 5920
A41: MAN-26033 | B41: DAVID MANN | C41: DAVID MANN | D41: TLX | E41: TEMU7081993 | F41: 46239 | G41: 46277 | H41: ONE | I41: XIAMEN | J41: LAZARO CARDENAS,MX | K41: =5600+40 -> 5640 | L41: 0 | M41: 180 | N41: 100 | O41: =SUM(K41:N41) -> 5920
A42: MAN-26034 | B42: DAVID MANN | C42: DAVID MANN | D42: TLX | E42: SEKU4396341 | F42: 46239 | G42: 46277 | H42: ONE | I42: XIAMEN | J42: LAZARO CARDENAS,MX | K42: =5600+40 -> 5640 | L42: 0 | M42: 180 | N42: 100 | O42: =SUM(K42:N42) -> 5920
A43: MAN-26035 | B43: DAVID MANN | C43: DAVID MANN | D43: TLX | E43: TCNU4002877 | F43: 46239 | G43: 46277 | H43: ONE | I43: XIAMEN | J43: LAZARO CARDENAS,MX | K43: =5600+40 -> 5640 | L43: 0 | M43: 180 | N43: 100 | O43: =SUM(K43:N43) -> 5920
A44: MAN-26036 | B44: DAVID MANN | C44: DAVID MANN | D44: TLX | E44: ONEU1951778 | F44: 46239 | G44: 46277 | H44: ONE | I44: XIAMEN | J44: LAZARO CARDENAS,MX | K44: =5600+40 -> 5640 | L44: 0 | M44: 180 | N44: 100 | O44: =SUM(K44:N44) -> 5920
A45: MAN-26039 | B45: DAVID MANN | C45: DAVID MANN | D45: TLX | E45: TIIU5974830 | F45: 46250 | G45: 46287 | H45: ONE | I45: SHANGHAI | J45: LAZARO CARDENAS,MX | K45: 7400 | L45: 0 | M45: 180 | N45: 100 | O45: =SUM(K45:N45) -> 7680
A46: MAN-26038 | B46: DAVID MANN | C46: DAVID MANN | D46: TLX | E46: FFAU3036294 | F46: 46269 | G46: 46294 | H46: COSCO | I46: SHANGHAI | J46: LAZARO CARDENAS,MX | K46: 8100 | L46: 0 | M46: 180 | N46: 100 | O46: =SUM(K46:N46) -> 8380

Sheet YOSEF
P1: =SUM(N3:N344)-SUM(R4:R98) -> 381370
A2: REF/INV NO | B2: CUSTOMER | C2: CUSTOMER FOR | D2: BL | E2: CONTAINER | F2: ETD | G2: ETA | H2: SHIPPING LINE | I2: POL | J2: POD | K2: TOTAL COST | L2: PREVIO / INSURANCE | M2: EXW | N2: BILL AMT
A3: ZAY-25009 | B3: RUBEN ZAYAT | C3: YOSEF SENADO | D3: TLX | E3: MRSU7032351 | F3: 46004 | G3: 45664 | H3: MSK | I3: QINGDAO | J3: LAZARO CARDENAS,MX | K3: 2250 | L3: 180 | M3: 0 | N3: =SUM(K3+L3) -> 2430 | O3: 0 | Q3: DATE | R3: PAY
A4: AZO-25012 | B4: ABUD ZONANA | C4: YOSEF SENADO | D4: TLX | E4: KOCU4648528 | F4: 45668 | G4: 45691 | H4: HMM | I4: NINGBO | J4: LAZARO CARDENAS,MX | K4: 1500 | L4: 0 | M4: 0 | N4: =SUM(K4:L4) -> 1500 | O4: 0 | Q4: 46080 | R4: 43840
A5: AZO-25013 | B5: ABUD ZONANA | C5: YOSEF SENADO | D5: TLX | E5: TRHU5862460 | F5: 46033 | G5: 45691 | H5: ONE | I5: NINGBO | J5: LAZARO CARDENAS,MX | K5: 1500 | L5: 0 | M5: 0 | N5: =SUM(K5:L5) -> 1500 | O5: 0 | Q5: 46147 | R5: 149680
A6: ZAY-25010 | B6: RUBEN ZAYAT | C6: YOSEF SENADO | D6: TLX | E6: TCLU6370870 | F6: 45668 | G6: 45691 | H6: ONE | I6: NINGBO | J6: LAZARO CARDENAS,MX | K6: 1500 | L6: 180 | M6: 0 | N6: =SUM(K6:L6) -> 1680 | O6: 0 | Q6: 46188 | R6: 74700
A7: ZZH-25029 | B7: ALBERT JABAZ | C7: YOSEF SENADO | D7: TLX | E7: TRHU7318820 | F7: 46029 | G7: 45698 | H7: ONE | I7: XIAMEN | J7: LAZARO CARDENAS,MX | K7: 1600 | L7: 0 | M7: 0 | N7: =SUM(K7:L7) -> 1600 | O7: 0 | Q7: 46205 | R7: 76860
A8: GABRI-25005 | B8: GABIREL CATTAN | C8: YOSEF SENADO | D8: TLX | E8: HMMU6801563 | F8: 45668 | G8: 46056 | H8: HMM | I8: NINGBO | J8: LAZARO CARDENAS,MX | K8: 1500 | L8: 180 | M8: 0 | N8: =SUM(K8:L8) -> 1680 | O8: 0 | Q8: 46219 | R8: 55800
A9: AZO-26001 | B9: ABUD ZONANA | C9: YOSEF SENADO | D9: TLX | E9: HMMU6232554 | F9: 46033 | G9: 46056 | H9: ONE | I9: NINGBO | J9: LAZARO CARDENAS,MX | K9: 1500 | L9: 0 | M9: 0 | N9: =SUM(K9+L9) -> 1500 | O9: 0 | Q9: 46227 | R9: 151480
A10: SSA-25002 | B10: SAMUEL SACAL | C10: YOSEF SENADO | D10: TLX | E10: EGHU9760223 | F10: 46032 | G10: 46058 | H10: EMC | I10: SHANGHAI | J10: LAZARO CARDENAS,MX | K10: 1550 | L10: 180 | M10: 0 | N10: =SUM(K10:L10) -> 1730 | O10: 0 | Q10: 46255 | R10: 103991
A11: YTM-25011 | B11: MARCOS TUACHI (HIJO) | C11: YOSEF SENADO | D11: TLX | E11: EITU1800573 | F11: 45667 | G11: 46058 | H11: EMC | I11: SHANGHAI | J11: LAZARO CARDENAS,MX | K11: 1550 | L11: 180 | M11: 0 | N11: =SUM(K11:L11) -> 1730 | O11: 0 | Q11: 46272 | R11: 153220
A12: GABRI-26001 | B12: GABIREL CATTAN | C12: YOSEF SENADO | D12: TLX | E12: MRSU5813252 | F12: 46036 | G12: 46064 | H12: MSK | I12: SHENZHEN | J12: LAZARO CARDENAS,MX | K12: 1500 | L12: 0 | M12: 0 | N12: =SUM(K12:L12) -> 1500 | O12: 0 | Q12: 46289 | R12: 75020
A13: GAC-26001 | B13: GABIREL CATTAN | C13: YOSEF SENADO | D13: TLX | E13: TGBU4341124 | F13: 46042 | G13: 46068 | H13: COSCO | I13: NINGBO | J13: LAZARO CARDENAS,MX | K13: 1300 | L13: 180 | M13: 0 | N13: =SUM(K13:L13) -> 1480 | O13: 0 | Q13: 46293 | R13: 100212
A14: GAC-26002 | B14: GABIREL CATTAN | C14: YOSEF SENADO | D14: TLX | E14: TGBU8881157 | F14: 46042 | G14: 46068 | H14: COSCO | I14: NINGBO | J14: LAZARO CARDENAS,MX | K14: 1300 | L14: 180 | M14: 0 | N14: =SUM(K14:L14) -> 1480 | O14: 0
A15: GABRI-25006 | B15: GABIREL CATTAN | C15: YOSEF SENADO | D15: TLX | E15: XYLU8240489 | F15: 46038 | G15: 46068 | H15: COSCO | I15: TIANJIN | J15: LAZARO CARDENAS,MX | K15: 1350 | L15: 180 | M15: 0 | N15: =SUM(K15:L15) -> 1530 | O15: 0
A16: K-25043 | B16: LEON KUBURSI | C16: YOSEF SENADO | D16: TLX | E16: ONEU1199850 | F16: 45673 | G16: 46071 | H16: ONE | I16: XIAMEN | J16: LAZARO CARDENAS,MX | K16: 1300 | L16: 0 | M16: 0 | N16: =SUM(K16:L16) -> 1300 | O16: 0
A17: HASB-26001 | B17: ZUZU HASBANI | C17: YOSEF SENADO | D17: TLX | E17: TCLU9467756 | F17: 46036 | G17: 46074 | H17: ONE | I17: XIAMEN | J17: LAZARO CARDENAS,MX | K17: 1300 | L17: 100 | M17: 0 | N17: =SUM(K17:L17) -> 1400 | O17: 0
A18: ZAY-26003 | B18: RUBEN ZAYAT | C18: YOSEF SENADO | D18: TLX | E18: ONEU0131413 | F18: 46043 | G18: 46076 | H18: ONE | I18: YANTIAN | J18: LAZARO CARDENAS,MX | K18: 1250 | L18: 180 | M18: 0 | N18: =SUM(K18+L18) -> 1430 | O18: 0
A19: GAC-26004 | B19: GABIREL CATTAN | C19: YOSEF SENADO | D19: TLX | E19: EGSU1789311 | F19: 46047 | G19: 46078 | H19: EMC | I19: SHEKOU | J19: LAZARO CARDENAS,MX | K19: 1350 | L19: 180 | M19: 0 | N19: =SUM(K19+L19) -> 1530 | O19: 0
A20: GAC-26005 | B20: GABIREL CATTAN | C20: YOSEF SENADO | D20: TLX | E20: EMCU8560312 | F20: 46047 | G20: 46078 | H20: EMC | I20: SHEKOU | J20: LAZARO CARDENAS,MX | K20: 1350 | L20: 180 | M20: 0 | N20: =SUM(K20+L20) -> 1530 | O20: 0
A21: ZAY-26001 | B21: RUBEN ZAYAT | C21: YOSEF SENADO | D21: TLX | E21: KOCU4146896 | F21: 46054 | G21: 46079 | H21: HMM | I21: NINGBO | J21: LAZARO CARDENAS,MX | K21: 1450 | L21: 180 | M21: 0 | N21: =SUM(K21+L21) -> 1630 | O21: 0
A22: M-26001 | B22: MARCO TUACHI | C22: YOSEF SENADO | D22: TLX | E22: FCIU9962113 | F22: 46054 | G22: 46079 | H22: ONE | I22: NINGBO | J22: LAZARO CARDENAS,MX | K22: 1400 | L22: 0 | M22: 0 | N22: =SUM(K22+L22) -> 1400 | O22: 0
A23: M-26002 | B23: MARCO TUACHI | C23: YOSEF SENADO | D23: TLX | E23: ONEU6234208 | F23: 46054 | G23: 46079 | H23: ONE | I23: NINGBO | J23: LAZARO CARDENAS,MX | K23: 1400 | L23: 0 | M23: 0 | N23: =SUM(K23+L23) -> 1400 | O23: 0
A24: M-26003 | B24: MARCO TUACHI | C24: YOSEF SENADO | D24: TLX | E24: ONEU6233984 | F24: 46054 | G24: 46079 | H24: ONE | I24: NINGBO | J24: LAZARO CARDENAS,MX | K24: 1400 | L24: 0 | M24: 0 | N24: =SUM(K24+L24) -> 1400 | O24: 0
A25: MOYA-26001 | B25: Moy Askenazi | C25: YOSEF SENADO | D25: TLX | E25: MAGU5502372 | F25: 46054 | G25: 46082 | H25: COSCO | I25: NINGBO | J25: LAZARO CARDENAS,MX | K25: 1400 | L25: 180 | M25: 0 | N25: =SUM(K25+L25) -> 1580 | O25: 0
A26: MOYA-26002 | B26: Moy Askenazi | C26: YOSEF SENADO | D26: TLX | E26: CBHU7016295 | F26: 46054 | G26: 46082 | H26: COSCO | I26: NINGBO | J26: LAZARO CARDENAS,MX | K26: 1400 | L26: 180 | M26: 0 | N26: =SUM(K26+L26) -> 1580 | O26: 0
A27: ZAY-26005 | B27: RUBEN ZAYAT | C27: YOSEF SENADO | D27: TLX | E27: CSGU6065904 | F27: 46054 | G27: 46083 | H27: COSCO | I27: NINGBO | J27: LAZARO CARDENAS,MX | K27: 1400 | L27: 180 | M27: 0 | N27: =SUM(K27+L27) -> 1580 | O27: 0
A28: GAC-26003 | B28: GABIREL CATTAN | C28: YOSEF SENADO | D28: TLX | E28: HMMU4199523 | F28: 46054 | G28: 46084 | H28: HMM | I28: NINGBO | J28: LAZARO CARDENAS,MX | K28: 1450 | L28: 180 | M28: 0 | N28: =SUM(K28+L28) -> 1630 | O28: 0
A29: GABRI-26002 | B29: GABIREL CATTAN | C29: YOSEF SENADO | D29: TLX | E29: SUDU6922121 | F29: 46057 | G29: 46085 | H29: MSK | I29: YANTIAN | J29: LAZARO CARDENAS,MX | K29: 1400 | L29: 180 | M29: 0 | N29: =SUM(K29+L29) -> 1580 | O29: 0
... A122: ZAY-26028 | B122: RUBEN ZAYAT | C122: YOSEF SENADO | D122: TLX | E122: MEDU7391379 | F122: 46181 | G122: 46208 | H122: MSC | I122: NINGBO | J122: LAZARO CARDENAS,MX | K122: 6250 | L122: 180 | M122: 0 | N122: =SUM(K122+L122) -> 6430 | O122: 0
A123: ZAY-26030 | B123: RUBEN ZAYAT | C123: YOSEF SENADO | D123: TLX | E123: MSBU7152625 | F123: 46192 | G123: 46250 | H123: MSC | I123: NHAVA SHEVA, INDIA | J123: LAZARO CARDENAS,MX | K123: 5300 | L123: 0 | M123: 370 | N123: =SUM(K123+L123+M123) -> 5670 | O123: 370
A124: AZO-26009 | B124: ABUD ZONANA | C124: YOSEF SENADO | D124: TLX | E124: EITU8121260 | F124: 46185 | G124: 46215 | H124: EMC | I124: NINGBO | J124: LAZARO CARDENAS,MX | K124: 6600 | L124: 0 | M124: 0 | N124: =SUM(K124+L124) -> 6600 | O124: 0
A125: AZO-26010 | B125: ABUD ZONANA | C125: YOSEF SENADO | D125: TLX | E125: FCIU7533207 | F125: 46185 | G125: 46215 | H125: EMC | I125: NINGBO | J125: LAZARO CARDENAS,MX | K125: 6600 | L125: 0 | M125: 0 | N125: =SUM(K125+L125) -> 6600 | O125: 0
A126: HASB-26002 | B126: ZUZU HASBANI | C126: YOSEF SENADO | D126: TLX | E126: CAAU8104016 | F126: 46190 | G126: 46224 | H126: MSC | I126: XIAMEN | J126: LAZARO CARDENAS,MX | K126: 7000 | L126: 0 | M126: 0 | N126: =SUM(K126+L126) -> 7000 | O126: 0
A127: IS-SHIFF-26002 | B127: Cristóbal | C127: YOSEF SENADO | D127: TLX | E127: CAIU9501200 | F127: 46185 | G127: 46224 | H127: ONE | I127: SHENZHEN | J127: LAZARO CARDENAS,MX | K127: 6100 | L127: 280 | M127: 0 | N127: =SUM(K127+L127) -> 6380 | O127: 0
A128: IS-SHIFF-26003 | B128: Cristóbal | C128: YOSEF SENADO | D128: TLX | E128: GAOU6522960 | F128: 46185 | G128: 46224 | H128: ONE | I128: SHENZHEN | J128: LAZARO CARDENAS,MX | K128: 6100 | L128: 280 | M128: 0 | N128: =SUM(K128+L128) -> 6380 | O128: 0
A129: M-26025 | B129: MARCO TUACHI | C129: YOSEF SENADO | D129: TLX | E129: TXGU4307040 | F129: 46188 | G129: 46220 | H129: MSC | I129: NINGBO | J129: LAZARO CARDENAS,MX | K129: 6950 | L129: 0 | M129: 0 | N129: =SUM(K129+L129) -> 6950 | O129: 0
A130: ZUT-26004 | B130: Ezra Tussie | C130: YOSEF SENADO | D130: TLX | E130: MSNU6834572 | F130: 46190 | G130: 46224 | H130: MSC | I130: XIAMEN | J130: LAZARO CARDENAS,MX | K130: 7000 | L130: 180 | M130: 0 | N130: =SUM(K130+L130) -> 7180 | O130: 0
A131: ZUZU-26002 | B131: ZUZU HABAZ | C131: YOSEF SENADO | D131: TLX | E131: BEAU5906947 | F131: 46190 | G131: 46224 | H131: MSC | I131: XIAMEN | J131: LAZARO CARDENAS,MX | K131: 7000 | L131: 0 | M131: 0 | N131: =SUM(K131+L131) -> 7000 | O131: 0
A132: AZO-26011 | B132: ABUD ZONANA | C132: YOSEF SENADO | D132: TLX | E132: EITU8204473 | F132: 46207 | G132: 46229 | H132: EMC | I132: NINGBO | J132: LAZARO CARDENAS,MX | K132: 6300 | L132: 0 | M132: 0 | N132: =SUM(K132+L132) -> 6300 | O132: 0
A133: GABRI-26010 | B133: GABIREL CATTAN | C133: YOSEF SENADO | D133: TLX | E133: HMMU6165800 | F133: 46203 | G133: 46238 | H133: HMM | I133: NINGBO | J133: LAZARO CARDENAS,MX | K133: 6950 | L133: 180 | M133: 0 | N133: =SUM(K133+L133) -> 7130 | O133: 0
A134: HASB-26005 | B134: ZUZU HASBANI | C134: YOSEF SENADO | D134: TLX | E134: CAAU7205486 | F134: 46197 | G134: 46231 | H134: MSC | I134: XIAMEN | J134: LAZARO CARDENAS,MX | K134: 6950 | L134: 0 | M134: 0 | N134: =SUM(K134+L134) -> 6950 | O134: 0
A135: SEL-26018 | B135: SELIM JABAZ | C135: YOSEF SENADO | D135: TLX | E135: MSDU5180137 | F135: 46197 | G135: 46231 | H135: MSC | I135: XIAMEN | J135: LAZARO CARDENAS,MX | K135: 6950 | L135: 0 | M135: 0 | N135: =SUM(K135+L135) -> 6950 | O135: 0
... A147: M-26022 | B147: MARCO TUACHI | C147: YOSEF SENADO | D147: TLX | E147: HAMU3009114 | F147: 46202 | G147: 46235 | H147: HPL | I147: SHANGHAI | J147: LAZARO CARDENAS,MX | K147: 907 | L147: 0 | M147: 0 | N147: =SUM(K147+L147) -> 907 | O147: 0
A148: ZUT-26005 | B148: Ezra Tussie | C148: YOSEF SENADO | D148: TLX | E148: CSNU7226962 | F148: 46214 | G148: 46242 | H148: COSCO | I148: SHANGHAI | J148: LAZARO CARDENAS,MX | K148: 5900 | L148: 180 | M148: 264 | N148: =SUM(K148:M148) -> 6344 | O148: 0
A149: ZZH-26001 | B149: Albert Jabaz | C149: YOSEF SENADO | D149: TLX | E149: EGHU9394844 | F149: 46213 | G149: 46260 | H149: EMC | I149: NHAVA SHIVA | J149: LAZARO CARDENAS,MX | K149: 6850 | L149: 0 | M149: 0 | N149: =SUM(K149+L149) -> 6850 | O149: 0
A150: ZAY-26032 | B150: RUBEN ZAYAT | C150: YOSEF SENADO | D150: TLX | E150: MSDU5755988 | F150: 46226 | G150: 46250 | H150: MSC | I150: NINGBO | J150: LAZARO CARDENAS,MX | K150: 5000 | L150: 0 | M150: 0 | N150: =SUM(K150+L150) -> 5000 | O150: 0
A151: ZAY-26033 | B151: RUBEN ZAYAT | C151: YOSEF SENADO | D151: TLX | E151: MSDU5832750 | F151: 46219 | G151: 46249 | H151: MSC | I151: NINGBO | J151: LAZARO CARDENAS,MX | K151: 5600 | L151: 180 | M151: 0 | N151: =SUM(K151+L151) -> 5780 | O151: 0
A152: ZAY-26034 | B152: RUBEN ZAYAT | C152: YOSEF SENADO | D152: TLX | E152: MSMU4181027 | F152: 46226 | G152: 46250 | H152: MSC | I152: NINGBO | J152: LAZARO CARDENAS,MX | K152: 5000 | L152: 180 | M152: 0 | N152: =SUM(K152+L152) -> 5180 | O152: 0
A153: M-26026 | B153: MARCO TUACHI | C153: YOSEF SENADO | D153: TLX | E153: TGBU5592660 | F153: 46219 | G153: 46249 | H153: MSC | I153: NINGBO | J153: LAZARO CARDENAS,MX | K153: 5600 | L153: 0 | M153: 0 | N153: =SUM(K153+L153) -> 5600 | O153: 0
A154: M-26027 | B154: MARCO TUACHI | C154: YOSEF SENADO | D154: TLX | E154: MSBU5557157 | F154: 46219 | G154: 46249 | H154: MSC | I154: NINGBO | J154: LAZARO CARDENAS,MX | K154: 5600 | L154: 0 | M154: 0 | N154: =SUM(K154+L154) -> 5600 | O154: 0
A155: SEL-26022 | B155: SELIM JABAZ | C155: YOSEF SENADO | D155: TLX | E155: FFAU4284720 | F155: 46225 | G155: 46259 | H155: MSC | I155: XIAMEN | J155: LAZARO CARDENAS,MX | K155: 5200 | L155: 100 | M155: 0 | N155: =SUM(K155+L155) -> 5300 | O155: 0
A156: SEL-26019 | B156: SELIM JABAZ | C156: YOSEF SENADO | D156: TLX | E156: TXGU6784696 | F156: 46225 | G156: 46259 | H156: MSC | I156: XIAMEN | J156: LAZARO CARDENAS,MX | K156: 5200 | L156: 100 | M156: 0 | N156: =SUM(K156+L156) -> 5300 | O156: 0
A157: SEL-26016 | B157: SELIM JABAZ | C157: YOSEF SENADO | D157: TLX | E157: MSMU7464653 | F157: 46225 | G157: 46259 | H157: MSC | I157: XIAMEN | J157: LAZARO CARDENAS,MX | K157: 5200 | L157: 0 | M157: 0 | N157: =SUM(K157+L157) -> 5200 | O157: 0
A158: ZZH-26006 | B158: Albert Jabaz | C158: YOSEF SENADO | D158: TLX | E158: MSMU5555137 | F158: 46225 | G158: 46259 | H158: MSC | I158: XIAMEN | J158: LAZARO CARDENAS,MX | K158: 5200 | L158: 0 | M158: 0 | N158: =SUM(K158+L158) -> 5200 | O158: 0
A159: ZZH-26007 | B159: Albert Jabaz | C159: YOSEF SENADO | D159: TLX | E159: MSCU5140491 | F159: 46225 | G159: 46259 | H159: MSC | I159: XIAMEN | J159: LAZARO CARDENAS,MX | K159: 5200 | L159: 0 | M159: 0 | N159: =SUM(K159+L159) -> 5200 | O159: 0
A160: ZZH-26013 | B160: Albert Jabaz | C160: YOSEF SENADO | D160: TLX | E160: TEMU8300000 | F160: 46225 | G160: 46259 | H160: MSC | I160: XIAMEN | J160: LAZARO CARDENAS,MX | K160: 5200 | L160: 0 | M160: 0 | N160: =SUM(K160+L160) -> 5200 | O160: 0
... A201: ZZH-26021 | B201: Albert Jabaz | C201: YOSEF SENADO | D201: TLX | E201: MSDU6756295 | F201: 46253 | G201: 46287 | H201: MSC | I201: XIAMEN | J201: LAZARO CARDENAS,MX | K201: 7450 | L201: 0 | M201: 0 | N201: =SUM(K201+L201) -> 7450 | O201: 0
A202: SEL-26030 | B202: SELIM JABAZ | C202: YOSEF SENADO | D202: TLX | E202: MSDU5343548 | F202: 46253 | G202: 46287 | H202: MSC | I202: XIAMEN | J202: LAZARO CARDENAS,MX | K202: 7450 | L202: 100 | M202: 0 | N202: =SUM(K202+M202) -> 7450 | O202: 0
A203: GABRI-26016 | B203: GABIREL CATTAN | C203: YOSEF SENADO | D203: TLX | E203: TCLU4978305 | F203: 46255 | G203: 46287 | H203: MSC | I203: SHEKOU | J203: LAZARO CARDENAS,MX | K203: 7400 | L203: 180 | M203: 662 | N203: =SUM(K203:M203) -> 8242 | O203: 0
A204: SEL-26027 | B204: SELIM JABAZ | C204: YOSEF SENADO | D204: TLX | E204: CAAU5438956 | F204: 46235 | G204: 46271 | H204: EMC | I204: SHANGHAI | J204: LAZARO CARDENAS,MX | K204: 6750 | L204: 100 | M204: 0 | N204: =SUM(K204:M204) -> 6850 | O204: 0
A205: HOLLY26006 | B205: ISAAC ELIYASI | C205: YOSEF SENADO | D205: TLX | E205: OOCU9199390 | F205: 46210 | G205: 46250 | H205: COSCO | I205: NINGBO | J205: LAZARO CARDENAS,MX | K205: 6200 | L205: 280 | M205: 0 | N205: =SUM(K205:M205) -> 6480 | O205: 0
A206: HOLLY26008 | B206: ISAAC ELIYASI | C206: YOSEF SENADO | D206: TLX | E206: CRSU9181945 | F206: 46218 | G206: 46252 | H206: MSC | I206: XIAMEN | J206: LAZARO CARDENAS,MX | K206: 5900 | L206: 280 | M206: 0 | N206: =SUM(K206:M206) -> 6180 | O206: 0
A207: HOLLY26005 | B207: ISAAC ELIYASI | C207: YOSEF SENADO | D207: TLX | E207: PIDU4725092 | F207: 46214 | G207: 46240 | H207: PIL | I207: SHANGHAI | J207: LAZARO CARDENAS,MX | K207: 5700 | L207: 280 | M207: 0 | N207: =SUM(K207:M207) -> 5980 | O207: 0
A208: HOLLY26007 | B208: ISAAC ELIYASI | C208: YOSEF SENADO | D208: TLX | E208: CSGU6075651 | F208: 46221 | G208: 46239 | H208: COSCO | I208: SHANGHAI | J208: LAZARO CARDENAS,MX | K208: 5500 | L208: 280 | M208: 0 | N208: =SUM(K208:M208) -> 5780 | O208: 0
A209: HOLLY26009 | B209: ISAAC ELIYASI | C209: YOSEF SENADO | D209: TLX | E209: OOCU8214458 | F209: 46228 | G209: 46257 | H209: COSCO | I209: SHANGHAI | J209: LAZARO CARDENAS,MX | K209: 5000 | L209: 280 | M209: 0 | N209: =SUM(K209:M209) -> 5280 | O209: 0
A210: HOLLY26016 | B210: ISAAC ELIYASI | C210: YOSEF SENADO | D210: TLX | E210: MEDU7090380 | F210: 46246 | G210: 46281 | H210: MSC | I210: XIAMEN | J210: LAZARO CARDENAS,MX | K210: 6550 | L210: 280 | M210: 0 | N210: =SUM(K210:M210) -> 6830 | O210: 0
A211: HOLLY26011 | B211: ISAAC ELIYASI | C211: YOSEF SENADO | D211: TLX | E211: OOCU8813327 | F211: 46235 | G211: 46284 | H211: COSCO | I211: SHANGHAI | J211: LAZARO CARDENAS,MX | K211: 5400 | L211: 280 | M211: 0 | N211: =SUM(K211:M211) -> 5680 | O211: 0
A212: HOLLY26012 | B212: ISAAC ELIYASI | C212: YOSEF SENADO | D212: TLX | E212: GCXU5160895 | F212: 46235 | G212: 46284 | H212: COSCO | I212: SHANGHAI | J212: LAZARO CARDENAS,MX | K212: 5400 | L212: 280 | M212: 0 | N212: =SUM(K212:M212) -> 5680 | O212: 0
A213: HOLLY26015 | B213: ISAAC ELIYASI | C213: YOSEF SENADO | D213: TLX | E213: MIEU3415827 | F213: 46250 | G213: 46274 | H213: MSK | I213: NINGBO | J213: LAZARO CARDENAS,MX | K213: 7050 | L213: 280 | M213: 0 | N213: =SUM(K213:M213) -> 7330 | O213: 0
A214: HOLLY26017 | B214: ISAAC ELIYASI | C214: YOSEF SENADO | D214: TLX | E214: CSNU7242731 | F214: 46255 | G214: 46284 | H214: COSCO | I214: SHANGHAI | J214: LAZARO CARDENAS,MX | K214: 6900 | L214: 280 | M214: 0 | N214: =SUM(K214:M214) -> 7180 | O214: 0
... A225: ZZH-26023 | B225: Albert Jabaz | C225: YOSEF SENADO | D225: TLX | E225: GCXU5530496 | F225: 46257 | G225: 46288 | H225: MSK | I225: XIAMEN | J225: LAZARO CARDENAS,MX | K225: 7600 | L225: 0 | M225: 0 | N225: =SUM(K225:M225) -> 7600 | O225: 4506
A226: HOLLY26018 | B226: ISAAC ELIYASI | C226: YOSEF SENADO | D226: TLX | E226: OOCU6933431 | F226: 46263 | G226: 46297 | H226: COSCO | I226: SHANGHAI | J226: LAZARO CARDENAS,MX | K226: 8000 | L226: 280 | M226: 0 | N226: =SUM(K226:M226) -> 8280 | O226: =N226 -> 8280
A227: AZO-26014 | B227: ABUD ZONANA | C227: YOSEF SENADO | D227: TLX | E227: TCLU9788988 | F227: 46255 | G227: 46289 | H227: MSC | I227: NINGBO | J227: LAZARO CARDENAS,MX | K227: 7350 | L227: 0 | M227: 0 | N227: =SUM(K227:M227) -> 7350 | O227: =N227 -> 7350
A228: AZO-26015 | B228: ABUD ZONANA | C228: YOSEF SENADO | D228: TLX | E228: CSNU5697156 | F228: 46254 | G228: 46288 | H228: OOCL | I228: NINGBO | J228: LAZARO CARDENAS,MX | K228: 7300 | L228: 0 | M228: 0 | N228: =SUM(K228:M228) -> 7300 | O228: =N228 -> 7300
A229: M-26030 | B229: MARCOS TUACHI | C229: YOSEF SENADO | D229: TLX | E229: MRKU3745177 | F229: 46270 | G229: 46295 | H229: MSK | I229: QINGDAO | J229: LAZARO CARDENAS,MX | K229: 7950 | L229: 0 | M229: 0 | N229: =SUM(K229:M229) -> 7950 | O229: =N229 -> 7950
A230: M-26031 | B230: MARCOS TUACHI | C230: YOSEF SENADO | D230: TLX | E230: MSNU6020750 | F230: 46264 | G230: 46295 | H230: MSC | I230: QINGDAO | J230: LAZARO CARDENAS,MX | K230: 8000 | L230: 180 | M230: 0 | N230: =SUM(K230:M230) -> 8180 | O230: =N230 -> 8180
A231: M-ZUZU-260053 | B231: KOBI-ZUZU | C231: YOSEF SENADO | D231: TLX | E231: TCLU5186299 | F231: 46267 | G231: 46301 | H231: MSC | I231: XIAMEN | J231: LAZARO CARDENAS,MX | K231: 8750 | L231: 180 | M231: 0 | N231: =SUM(K231:M231) -> 8930 | O231: =N231 -> 8930
A232: SEL-26031 | B232: SELIM JABAZ | C232: YOSEF SENADO | D232: TLX | E232: CAIU9950156 | F232: 46257 | G232: 46288 | H232: MSC | I232: SHANGHAI | J232: LAZARO CARDENAS,MX | K232: 8000 | L232: 100 | M232: 0 | N232: =SUM(K232:M232) -> 8100 | O232: =N232 -> 8100
A233: SEL-26035 | B233: SELIM JABAZ | C233: YOSEF SENADO | D233: TLX | E233: CSNU5643123 | F233: 46256 | G233: 46281 | H233: COSCO | I233: SHANGHAI | J233: LAZARO CARDENAS,MX | K233: 8000 | L233: 100 | M233: 0 | N233: =SUM(K233:M233) -> 8100 | O233: =N233 -> 8100
A234: SEL-26036 | B234: SELIM JABAZ | C234: YOSEF SENADO | D234: TLX | E234: CSGU6482852 | F234: 46256 | G234: 46281 | H234: COSCO | I234: SHANGHAI | J234: LAZARO CARDENAS,MX | K234: 8000 | L234: 100 | M234: 0 | N234: =SUM(K234:M234) -> 8100 | O234: =N234 -> 8100
A235: WKS-26001 | B235: Jimmy Abadi | C235: YOSEF SENADO | D235: TLX | E235: TLLU4840546 | F235: 46257 | G235: 46288 | H235: MSC | I235: SHANGHAI | J235: LAZARO CARDENAS,MX | K235: 8000 | L235: 0 | M235: 0 | N235: =SUM(K235:M235) -> 8000 | O235: =N235 -> 8000
A236: YHD-26001 | B236: Yehuda Silberstein | C236: YOSEF SENADO | D236: TLX | E236: TEMU8636313 | F236: 46273 | G236: 46296 | H236: ONE | I236: NINGBO | J236: LAZARO CARDENAS,MX | K236: 7650 | L236: 180 | M236: 0 | N236: =SUM(K236:M236) -> 7830 | O236: =N236 -> 7830
A237: YTM-26004 | B237: MARCOS TUACHI (HIJO) | C237: YOSEF SENADO | D237: TLX | E237: MRKU4379093 | F237: 46273 | G237: 46302 | H237: MSK | I237: NINGBO | J237: LAZARO CARDENAS,MX | K237: 8000 | L237: 180 | M237: 0 | N237: =SUM(K237:M237) -> 8180 | O237: =N237 -> 8180
... A273: WKS-26003 | B273: Jimmy Abadi | C273: YOSEF | D273: TLX | E273: TCNU5053251 | F273: 46297 | G273: 46322 | H273: HMM | I273: SHANGHAI | J273: LAZARO CARDENAS,MX | K273: 6050 | L273: 0 | M273: 0 | N273: =SUM(K273:M273) -> 6050 | O273: =N273 -> 6050

Sheet YTM
O1: =SUM(M3:M339)-SUM(Q4:Q10) -> 0
A2: REF/INV NO | B2: CUSTOMER | C2: CUSTOMER FOR | D2: BL | E2: CONTAINER | F2: ETD | G2: ETA | H2: SHIPPING LINE | I2: POL | J2: POD | K2: TOTAL COST | L2: PREVIO / INSURANCE | M2: BILL AMT
A3: YTM-26003 | B3: YAACOB TUACHI | C3: ANHERST | D3: TLX | E3: TCLU5920294 | F3: 46212 | G3: 46242 | H3: MSC | I3: NINGBO | J3: LAZARO CARDENAS,MX | K3: 5800 | L3: 180 | M3: =SUM(K3+L3) -> 5980 | N3: =M3 -> 5980 | P3: DATE | Q3: PAY
P4: 46261 | Q4: 5980

Sheet HOLLY
M1: =SUM(M3:M48)-SUM(P4:P4) -> 0
A2: REF/INV NO | B2: CUSTOMER | C2: CUSTOMER FOR | D2: CONTAINER | E2: ETD | F2: ETA | G2: SHIPPING LINE | H2: POL | I2: POD | J2: TOTAL COST | K2: PREVIO | L2: INSURANCE | M2: BILL AMT
O3: DATE | P3: PAY

Sheet ARG
K1: =SUM(K3:K20)-SUM(N4:N10) -> 0
A2: REF/INV NO | B2: CUSTOMER | C2: CUSTOMER FOR | D2: BL | E2: CONTAINER | F2: ETD | G2: ETA | H2: SHIPPING LINE | I2: POL | J2: POD | K2: BILL AMT
M3: DATE | N3: PAY

Sheet IMPORT ONE
N1: =SUM(N3:N8) -> 0
A2: REF/INV NO | B2: CUSTOMER | C2: CUSTOMER FOR | D2: BL | E2: CONTAINER | F2: ETD | G2: ETA | H2: SHIPPING LINE | I2: POL | J2: POD | K2: Total Cost | L2: PREVIO/INSURANCE | M2: BILL AMT
P4: DATE | Q4: PAY

Sheet ELIAS LEVY
O1: =SUM(N3:N121)-SUM(R4:R15) -> 244415
A2: REF/INV NO | B2: CUSTOMER | C2: CUSTOMER FOR | D2: BL | E2: CONTAINER | F2: ETD | G2: ETA | H2: SHIPPING LINE | I2: POL | J2: POD | K2: TOTAL COST | L2: AMEND FEE | M2: INSURANCE | N2: BILL AMT
A3: CAVANA-25022/FANG3 | B3: ELIAS LEVY | C3: ELIAS LEVY | D3: SWB | E3: FFAU2699728 | F3: 46030 | G3: 46046 | H3: COSCO | I3: YANTIAN | J3: LONG BEACH | K3: 2500 | L3: 0 | M3: 100 | N3: =SUM(K3:M3) -> 2600 | O3: 0 | Q3: DATE | R3: PAY
A4: CAVANA-25021/C6 | B4: ELIAS LEVY | C4: ELIAS LEVY | D4: SWB | E4: OOCU7085973 | F4: 46030 | G4: 46046 | H4: COSCO | I4: YANTIAN | J4: LONG BEACH | K4: 3350 | L4: 0 | M4: 100 | N4: =SUM(K4:M4) -> 3450 | O4: 0 | Q4: 46182 | R4: =50000-1360 -> 48640
A5: STRANGER-25012/C7 | B5: ELIAS LEVY | C5: ELIAS LEVY | D5: SWB | E5: MSKU4753332 | F5: 46031 | G5: 46094 | H5: MSK | I5: NHAVA SHEVA,INDIA | J5: LOS ANGELES,CA | K5: 3350 | L5: 0 | M5: 100 | N5: =SUM(K5:M5) -> 3450 | O5: 0 | Q5: 46261 | R5: 40755
A6: STRANGER-25013/C8 | B6: ELIAS LEVY | C6: ELIAS LEVY | D6: SWB | E6: MAEU9261070 | F6: 46038 | G6: 46106 | H6: MSK | I6: NHAVA SHEVA,INDIA | J6: LOS ANGELES,CA | K6: 3250 | L6: 0 | M6: 0 | N6: =SUM(K6:M6) -> 3250 | O6: 0 | Q6: 46283 | R6: 40100
A7: CAVANA-26001/FANG4 | B7: ELIAS LEVY | C7: ELIAS LEVY | D7: SWB | E7: TCLU8603159 | F7: 46044 | G7: 46060 | H7: COSCO | I7: YANTIAN | J7: LONG BEACH | K7: 2600 | L7: 0 | M7: 0 | N7: =SUM(K7:M7) -> 2600 | O7: 0
A8: CAVANA-26002/C9 | B8: ELIAS LEVY | C8: ELIAS LEVY | D8: SWB | E8: FSCU7074684 | F8: 46053 | G8: 46074 | H8: CMA | I8: YANTIAN | J8: LOS ANGELES,CA | K8: 3300 | L8: 0 | M8: 0 | N8: =SUM(K8:M8) -> 3300 | O8: 0
A9: CAVANA-26003/FANG5 | B9: ELIAS LEVY | C9: ELIAS LEVY | D9: SWB | E9: DRYU4510031 | F9: 46053 | G9: 46074 | H9: CMA | I9: YANTIAN | J9: LOS ANGELES,CA | K9: 3300 | L9: 0 | M9: 0 | N9: =SUM(K9:M9) -> 3300 | O9: 0
A10: CAVANA-26005/FANG7 | B10: ELIAS LEVY | C10: ELIAS LEVY | D10: SWB | E10: CXDU2110219 | F10: 46060 | G10: 46080 | H10: CMA | I10: NINGBO | J10: LONG BEACH | K10: 3000 | L10: 0 | M10: 0 | N10: =SUM(K10:M10) -> 3000 | O10: 0
A11: STRANGER-26001/C10 | B11: ELIAS LEVY | C11: ELIAS LEVY | D11: SWB | E11: MAEU9240139 | F11: 46061 | G11: 46113 | H11: MSK | I11: NHAVA SHEVA,INDIA | J11: LOS ANGELES,CA | K11: 3200 | L11: 0 | M11: 0 | N11: =SUM(K11:M11) -> 3200 | O11: 0
A12: CAVANA-26007/C12 | B12: ELIAS LEVY | C12: ELIAS LEVY | D12: SWB | E12: ECMU8189428 | F12: 46063 | G12: 46079 | H12: CMA | I12: NINGBO | J12: LOS ANGELES,CA | K12: 3000 | L12: 0 | M12: 0 | N12: =SUM(K12:M12) -> 3000 | O12: 0
A13: CAVANA-26008/FANG8 | B13: ELIAS LEVY | C13: ELIAS LEVY | D13: SWB | E13: RFCU4045605 | F13: 46063 | G13: 46080 | H13: COSCO | I13: XIAMEN | J13: LONG BEACH | K13: 2550 | L13: 0 | M13: 100 | N13: =SUM(K13:M13) -> 2650 | O13: 0
A14: CAVANA-26006/C11 | B14: ELIAS LEVY | C14: ELIAS LEVY | D14: SWB | E14: ECMU8194553 | F14: 46063 | G14: 46091 | H14: CMA | I14: YANTIAN | J14: LOS ANGELES,CA | K14: 3080 | L14: 0 | M14: 0 | N14: =SUM(K14:M14) -> 3080 | O14: 0
A15: CAVANA-26004/FANG6 | B15: ELIAS LEVY | C15: ELIAS LEVY | D15: SWB | E15: ECMU8194105 | F15: 46063 | G15: 46092 | H15: CMA | I15: YANTIAN | J15: LOS ANGELES,CA | K15: 3000 | L15: 0 | M15: 0 | N15: =SUM(K15:M15) -> 3000 | O15: 0
A16: CAVANA-26009/C13 | B16: ELIAS LEVY | C16: ELIAS LEVY | D16: SWB | E16: CMAU5626408 | F16: 46072 | G16: 46104 | H16: CMA | I16: YANTIAN | J16: LOS ANGELES,CA | K16: 2550 | L16: 0 | M16: 100 | N16: =SUM(K16:M16) -> 2650 | O16: 0
A17: STRANGER-26002/C14 | B17: ELIAS LEVY | C17: ELIAS LEVY | D17: SWB | E17: HASU5137883 | F17: 46072 | G17: 46113 | H17: MSK | I17: TUTICORIN | J17: LOS ANGELES,CA | K17: 3250 | L17: 0 | M17: 100 | N17: =SUM(K17:M17) -> 3350 | O17: 0
A18: STRANGER-26003/C15 | B18: ELIAS LEVY | C18: ELIAS LEVY | D18: SWB | E18: MRSU5172652 | F18: 46088 | G18: 46127 | H18: MSK | I18: TUTICORIN | J18: LOS ANGELES,CA | K18: 3000 | L18: 0 | M18: 100 | N18: =SUM(K18:M18) -> 3100 | O18: 0
... A33: CAVANA-26020/FANG26 | B33: ELIAS LEVY | C33: ELIAS LEVY | D33: SWB | E33: CSNU9530526 | F33: 46235 | G33: 46253 | H33: COSCO | I33: YANTIAN | J33: LONG BEACH | K33: 8400 | L33: 0 | M33: 100 | N33: =SUM(K33:M33) -> 8500 | O33: 2605
A34: CAVANA-26021/FANG27 | B34: ELIAS LEVY | C34: ELIAS LEVY | D34: SWB | E34: CXDU2220900 | F34: 46235 | G34: 46253 | H34: COSCO | I34: YANTIAN | J34: LONG BEACH | K34: 8400 | L34: 0 | M34: 100 | N34: =SUM(K34:M34) -> 8500 | O34: =N34 -> 8500
A35: CAVANA-26023/FANG29 | B35: ELIAS LEVY | C35: ELIAS LEVY | D35: SWB | E35: CXDU2230955 | F35: 46238 | G35: 46254 | H35: COSCO | I35: YANTIAN | J35: LONG BEACH | K35: 8400 | L35: 0 | M35: 100 | N35: =SUM(K35:M35) -> 8500 | O35: =N35 -> 8500
A36: CAVANA-26024/FANG28 | B36: ELIAS LEVY | C36: ELIAS LEVY | D36: SWB | E36: OOLU5393799 | F36: 46238 | G36: 46254 | H36: COSCO | I36: YANTIAN | J36: LONG BEACH | K36: 8400 | L36: 0 | M36: 100 | N36: =SUM(K36:M36) -> 8500 | O36: =N36 -> 8500
A37: CAVANA-26025/FANG30 | B37: ELIAS LEVY | C37: ELIAS LEVY | D37: SWB | E37: CXDU2189532 | F37: 46238 | G37: 46254 | H37: COSCO | I37: YANTIAN | J37: LONG BEACH | K37: 8400 | L37: 0 | M37: 100 | N37: =SUM(K37:M37) -> 8500 | O37: =N37 -> 8500
A38: CAVANA-26027/FANG31 | B38: ELIAS LEVY | C38: ELIAS LEVY | D38: SWB | E38: CXDU2200204 | F38: 46238 | G38: 46254 | H38: COSCO | I38: YANTIAN | J38: LONG BEACH | K38: 8400 | L38: 0 | M38: 100 | N38: =SUM(K38:M38) -> 8500 | O38: =N38 -> 8500
A39: STRANGER-26008/C26 | B39: ELIAS LEVY | C39: ELIAS LEVY | D39: SWB | E39: MAEU9221545 | F39: 46241 | G39: 46292 | H39: MSK | I39: NHAVA SHEVA | J39: LOS ANGELES,CA | K39: 9050 | L39: 0 | M39: 0 | N39: =SUM(K39:M39) -> 9050 | O39: =N39 -> 9050
A40: CAVANA-26019/C32 | B40: ELIAS LEVY | C40: ELIAS LEVY | D40: SWB | E40: CSNU9521653 | F40: 46248 | G40: 46263 | H40: COSCO | I40: YANTIAN | J40: LONG BEACH | K40: 8400 | L40: 0 | M40: 100 | N40: =SUM(K40:M40) -> 8500 | O40: =N40 -> 8500
A41: CAVANA-26022/C33 | B41: ELIAS LEVY | C41: ELIAS LEVY | D41: SWB | E41: OOLU9079282 | F41: 46248 | G41: 46263 | H41: COSCO | I41: YANTIAN | J41: LONG BEACH | K41: 8400 | L41: 0 | M41: 0 | N41: =SUM(K41:M41) -> 8400 | O41: =N41 -> 8400
A42: STRANGER-26009/C28 | B42: ELIAS LEVY | C42: ELIAS LEVY | D42: SWB | E42: MAEU9284081 | F42: 46248 | G42: 46299 | H42: MSK | I42: NHAVA SHEVA | J42: LOS ANGELES,CA | K42: 10660 | L42: 0 | M42: 0 | N42: =SUM(K42:M42) -> 10660 | O42: =N42 -> 10660
A43: CAVANA-26028/FANG32 | B43: ELIAS LEVY | C43: ELIAS LEVY | D43: SWB | E43: SEGU5931094 | F43: 46249 | G43: 46269 | H43: ONE | I43: YANTIAN | J43: LONG BEACH | K43: 8200 | L43: 0 | M43: 100 | N43: =SUM(K43:M43) -> 8300 | O43: =N43 -> 8300
A44: CAVANA-26029/FANG33 | B44: ELIAS LEVY | C44: ELIAS LEVY | D44: SWB | E44: TCLU8419157 | F44: 46249 | G44: 46269 | H44: ONE | I44: YANTIAN | J44: LONG BEACH | K44: 8200 | L44: 0 | M44: 100 | N44: =SUM(K44:M44) -> 8300 | O44: =N44 -> 8300
A45: STRANGER-26011/C35 | B45: ELIAS LEVY | C45: ELIAS LEVY | D45: SWB | E45: MAEU9266555 | F45: 46253 | G45: 46295 | H45: MSK | I45: NHAVA SHEVA | J45: LOS ANGELES,CA | K45: 11200 | L45: 0 | M45: 0 | N45: =SUM(K45:M45) -> 11200 | O45: =N45 -> 11200
... A58: STRANGER-26014/C40 | B58: ELIAS LEVY | C58: ELIAS LEVY | D58: SWB | E58: MSKU4736103 | F58: 46293 | G58: 46341 | H58: MSK | I58: NHAVA SHEVA | J58: LOS ANGELES,US | K58: 14750 | L58: 0 | M58: 100 | N58: =SUM(K58:M58) -> 14850 | O58: =N58 -> 14850
A59: STRANGER-26015/C41 | B59: ELIAS LEVY | C59: ELIAS LEVY | D59: SWB | E59: WHSU6005650 | F59: 46299 | G59: 46351 | H59: MSK | I59: TUTICORIN | J59: LONG BEACH | L59: 0 | M59: 100 | N59: =SUM(K59:M59) -> 100 | O59: =N59 -> 100
A60: CAVANA-26039/C43 | B60: ELIAS LEVY | C60: ELIAS LEVY | D60: SWB | E60: MOEU1409896 | F60: 46298 | G60: 46314 | H60: ONE | I60: YANTIAN | J60: LOS ANGELES,CA | K60: 9300 | L60: 0 | M60: 100 | N60: =SUM(K60:M60) -> 9400 | O60: =N60 -> 9400

Sheet ALEJANDRO
M1: =SUM(M3:M29)-SUM(P4:P7) -> 0
A2: REF/INV NO | B2: CUSTOMER | C2: CUSTOMER FOR | D2: BL | E2: CONTAINER | F2: ETD | G2: ETA | H2: SHIPPING LINE | I2: POL | J2: POD | K2: TOTAL COST | L2: PREVIO | M2: BILL AMT
A3: JULIO-25001 | O3: DATE | P3: PAY
A4: JULIO-25002
A5: NINO-25001
A6: NINO-25002
A7: NINO-25003(M-RAN-250037)
A8: NINO-25004(M-RAN-250064)
A9: NINO-25005(M-RAN-250065)

Sheet JACK LEVY
O1: =SUM(N3:N140)-SUM(R4:R14) -> 0
A2: REF/INV NO | B2: CUSTOMER | C2: CUSTOMER FOR | D2: BL | E2: CONTAINER | F2: ETD | G2: ETA | H2: SHIPPING LINE | I2: POL | J2: POD | K2: TOTAL COST | L2: DETENTION FEE | M2: PREVIO/INSURANCE | N2: BILL AMT
A3: JISHOP-260006 | B3: JACK LEVY | C3: JACK LEVY | D3: SWB | E3: CSNU7098012 | F3: 46044 | G3: 46063 | H3: COSCO | I3: NINGBO | J3: LOS ANGELES,CA | K3: 2700 | L3: 0 | M3: 0 | N3: =SUM(K3:M3) -> 2700 | O3: 0 | Q3: DATE | R3: PAY
A4: JISHOP-260004 | B4: JACK LEVY | C4: JACK LEVY | D4: SWB | E4: ZCSU7716620 | F4: 46033 | G4: 46072 | H4: ZIM | I4: NINGBO | J4: HOUSTON | K4: 3900 | L4: 0 | M4: 100 | N4: =SUM(K4:M4) -> 4000 | O4: 0 | Q4: 46118 | R4: 25850
A5: JISHOP-260005 | B5: JACK LEVY | C5: JACK LEVY | D5: SWB | E5: TEMU7896297 | F5: 46036 | G5: 46073 | H5: COSCO | I5: QINGDAO | J5: HOUSTON | K5: 4000 | L5: 0 | M5: 100 | N5: =SUM(K5:M5) -> 4100 | O5: 0
A6: JISHOP-260003 | B6: JACK LEVY | C6: JACK LEVY | D6: SWB | E6: ECMU5692608 | F6: 46051 | G6: 46083 | H6: CMA | I6: NINGBO | J6: HOUSTON , TEXAS, US | K6: 3750 | L6: 0 | M6: 100 | N6: =SUM(K6:M6) -> 3850 | O6: 0
A7: JISHOP-260007 | B7: JACK LEVY | C7: JACK LEVY | D7: SWB | E7: TEMU8398160 | F7: 46051 | G7: 46083 | H7: CMA | I7: NINGBO | J7: HOUSTON , TEXAS, US | K7: 3750 | L7: 0 | M7: 100 | N7: =SUM(K7:M7) -> 3850 | O7: 0
A8: JISHOP-260002 | B8: JACK LEVY | C8: JACK LEVY | D8: SWB | E8: FFAU4504506 | F8: 46050 | G8: 46087 | H8: CMA | I8: TIANJIN | J8: HOUSTON , TEXAS, US | K8: 3750 | L8: 0 | M8: 100 | N8: =SUM(K8:M8) -> 3850 | O8: 0
A9: JISHOP-260001 | B9: JACK LEVY | C9: JACK LEVY | D9: SWB | E9: ZCSU7956908 | F9: 46054 | G9: 46097 | H9: ZIM | I9: NINGBO | J9: HOUSTON , TEXAS, US | K9: 3400 | L9: 0 | M9: 100 | N9: =SUM(K9:M9) -> 3500 | O9: 0

Sheet JHK
O1: =SUM(O3:O277) -> 68500
A2: REF/INV NO | B2: CUSTOMER | C2: CUSTOMER FOR | D2: BL | E2: CONTAINER | F2: ETD | G2: ETA | H2: SHIPPING LINE | I2: POL | J2: POD | K2: TOTAL COST | L2: RAIL | M2: INSURANCE | N2: BILL AMT
A3: JHK-25033 | B3: JACOBO HESKEL | C3: JHK | D3: TLX | E3: FCIU7382775 | F3: 45959 | G3: 45993 | H3: MSC | I3: XIAMEN | J3: LAZARO CARDENAS,MX | K3: 2300 | L3: 0 | M3: 0 | N3: 2300 | O3: 2300 | Q3: DATE | R3: PAY
A4: JHK-25042 | B4: JACOBO HESKEL | C4: JHK | D4: SWB | E4: BEAU5329212 | F4: 46024 | G4: 45691 | H4: ONE | I4: SHEKOU | J4: LAZARO CARDENAS,MX | K4: 1600 | L4: 0 | M4: 0 | N4: =SUM(K4:M4) -> 1600 | O4: have paid to ML-CHINA 11/08/26 | Q4: 46128 | R4: 26050
A5: JHK-25043 | B5: JACOBO HESKEL | C5: JHK | D5: SWB | E5: TRHU8306167 | F5: 46024 | G5: 45691 | H5: ONE | I5: SHEKOU | J5: LAZARO CARDENAS,MX | K5: 1600 | L5: 0 | M5: 0 | N5: =SUM(K5:M5) -> 1600 | O5: have paid to ML-CHINA 11/08/26 | Q5: 46245 | R5: 231900
A6: JHK-25036 | B6: JACOBO HESKEL | C6: JHK | D6: SWB | E6: EITU1288744 | F6: 45668 | G6: 45692 | H6: EMC | I6: SHENZHEN | J6: LAZARO CARDENAS,MX | K6: 1650 | L6: 0 | M6: 0 | N6: =SUM(K6:M6) -> 1650 | O6: =N6 -> 1650
A7: JHK-25040 | B7: JACOBO HESKEL | C7: JHK | D7: SWB | E7: HESU9989655 | F7: 45668 | G7: 45692 | H7: EMC | I7: SHENZHEN | J7: LAZARO CARDENAS,MX | K7: 1650 | L7: 0 | M7: 0 | N7: =SUM(K7:M7) -> 1650 | O7: =N7 -> 1650
A8: JHK-25044 | B8: JACOBO HESKEL | C8: JHK | D8: SWB | E8: CAAU6902260 | F8: 45661 | G8: 46053 | H8: EMC | I8: SHEKOU | J8: LAZARO CARDENAS,MX | K8: 1650 | L8: 0 | M8: 0 | N8: =SUM(K8:M8) -> 1650 | O8: have paid to ML-CHINA 11/08/26
A9: JHK-26001 | B9: JACOBO HESKEL | C9: JHK | D9: SWB | E9: GCXU6362524 | F9: 46033 | G9: 46057 | H9: EMC | I9: SHENZHEN | J9: LAZARO CARDENAS,MX | K9: 1650 | L9: 0 | M9: 0 | N9: =SUM(K9:M9) -> 1650 | O9: have paid to ML-CHINA 16/04/26
A10: JHK-26003 | B10: JACOBO HESKEL | C10: JHK | D10: SWB | E10: TLLU8647556 | F10: 46037 | G10: 46059 | H10: EMC | I10: NINGBO | J10: LAZARO,-ALL RAIL TO PANTACO | K10: 1500 | L10: 1700 | M10: 0 | N10: =SUM(K10:M10) -> 3200 | O10: have paid to ML-CHINA 16/04/26
A11: JHK-26002 | B11: JACOBO HESKEL | C11: JHK | D11: SWB | E11: TCNU3195215 | F11: 46036 | G11: 46064 | H11: MSK | I11: SHENZHEN | J11: LAZARO CARDENAS,MX | K11: 1600 | L11: 0 | M11: 0 | N11: =SUM(K11:M11) -> 1600 | O11: have paid to ML-CHINA 16/04/26
A12: JHK-26007 | B12: JACOBO HESKEL | C12: JHK | D12: SWB | E12: TLLU7876413 | F12: 46054 | G12: 46080 | H12: EMC | I12: SHEKOU | J12: LAZARO,-ALL RAIL TO PANTACO | K12: 1500 | L12: 1700 | M12: 0 | N12: =SUM(K12:M12) -> 3200 | O12: have paid to ML-CHINA 16/04/26
A13: JHK-26005 | B13: JACOBO HESKEL | C13: JHK | D13: SWB | E13: NYKU0821453 | F13: 46043 | G13: 46089 | H13: ONE | I13: YANTIAN | J13: LAZARO,-ALL RAIL TO PANTACO | K13: 1150 | L13: 1700 | M13: 0 | N13: =SUM(K13:M13) -> 2850 | O13: have paid to ML-CHINA 16/04/26
A14: JHK-26006 | B14: JACOBO HESKEL | C14: JHK | D14: SWB | E14: GCXU5205942 | F14: 46043 | G14: 46089 | H14: ONE | I14: YANTIAN | J14: LAZARO,-ALL RAIL TO PANTACO | K14: 1150 | L14: 1700 | M14: 0 | N14: =SUM(K14:M14) -> 2850 | O14: have paid to ML-CHINA 16/04/26
A15: JHK-26004 | B15: JACOBO HESKEL | C15: JHK | D15: SWB | E15: TGBU4387803 | F15: 46043 | G15: 46089 | H15: ONE | I15: YANTIAN | J15: LAZARO,-ALL RAIL TO PANTACO | K15: 1150 | L15: 1700 | M15: 0 | N15: =SUM(K15:M15) -> 2850 | O15: have paid to ML-CHINA 16/04/26
A16: JHK-26008 | B16: JACOBO HESKEL | C16: JHK | D16: SWB | E16: HMMU6033700 | F16: 46054 | G16: 46091 | H16: HMM | I16: NINGBO | J16: LAZARO CARDENAS,MX | K16: 1550 | L16: 0 | M16: 0 | N16: =SUM(K16:M16) -> 1550 | O16: have paid to ML-CHINA 16/04/26
A17: JHK-26010 | B17: JACOBO HESKEL | C17: JHK | D17: SWB | E17: MSMU4083123 | F17: 46066 | G17: 46096 | H17: MSC | I17: SHENZHEN | J17: LAZARO,-ALL RAIL TO PANTACO | K17: 2650 | L17: 1700 | M17: 0 | N17: =SUM(K17:M17) -> 4350 | O17: have paid to ML-CHINA 16/04/26
A18: JHK-26009 | B18: JACOBO HESKEL | C18: JHK | D18: SWB | E18: BEAU5505820 | F18: 46059 | G18: 46102 | H18: ONE | I18: SHENZHEN | J18: LAZARO,-ALL RAIL TO PANTACO | K18: 1200 | L18: 1700 | M18: 0 | N18: =SUM(K18:M18) -> 2900 | O18: have paid to ML-CHINA 16/04/26
A19: JHK-26011 | B19: JACOBO HESKEL | C19: JHK | D19: SWB | E19: DFSU7110425 | F19: 46122 | G19: 46154 | H19: MSC | I19: SHEKOU | J19: LAZARO,-ALL RAIL TO PANTACO | K19: 3500 | L19: 1700 | M19: 0 | N19: =SUM(K19:M19) -> 5200 | O19: have paid to ML-CHINA 11/08/26
A20: JHK-26012 | B20: JACOBO HESKEL | C20: JHK | D20: SWB | E20: TCLU4864468 | F20: 46127 | G20: 46159 | H20: ONE | I20: YANTIAN | J20: LAZARO CARDENAS,MX | K20: 3100 | L20: 0 | M20: 0 | N20: =SUM(K20:M20) -> 3100 | O20: =N20 -> 3100
A21: JHK-26015 | B21: JACOBO HESKEL | C21: JHK | D21: SWB | E21: TEMU6971380 | F21: 46142 | G21: 46166 | H21: MSK | I21: SHENZHEN | J21: LAZARO CARDENAS,MX | K21: 2900 | L21: 0 | M21: 0 | N21: =SUM(K21:M21) -> 2900 | O21: have paid to ML-CHINA 11/08/26
A22: JHK-26016 | B22: JACOBO HESKEL | C22: JHK | D22: SWB | E22: TRHU5006130 | F22: 46142 | G22: 46166 | H22: MSK | I22: SHENZHEN | J22: LAZARO CARDENAS,MX | K22: 2900 | L22: 0 | M22: 0 | N22: =SUM(K22:M22) -> 2900 | O22: have paid to ML-CHINA 11/08/26
A23: JHK-26014 | B23: JACOBO HESKEL | C23: JHK | D23: SWB | E23: ONEU0458480 | F23: 46134 | G23: 46166 | H23: ONE | I23: YANTIAN | J23: LAZARO CARDENAS,MX | K23: 3050 | L23: 0 | M23: 0 | N23: =SUM(K23:M23) -> 3050 | O23: have paid to ML-CHINA 11/08/26
A24: JHK-26017 | B24: JACOBO HESKEL | C24: JHK | D24: SWB | E24: EISU8490711 | F24: 46145 | G24: 46170 | H24: EMC | I24: SHENZHEN | J24: LAZARO CARDENAS,MX | K24: 3450 | L24: 0 | M24: 0 | N24: =SUM(K24:M24) -> 3450 | O24: have paid to ML-CHINA 11/08/26
A25: JHK-26018 | B25: JACOBO HESKEL | C25: JHK | D25: SWB | E25: EGHU9467576 | F25: 46145 | G25: 46170 | H25: EMC | I25: SHENZHEN | J25: LAZARO CARDENAS,MX | K25: 3450 | L25: 0 | M25: 0 | N25: =SUM(K25:M25) -> 3450 | O25: have paid to ML-CHINA 11/08/26
A26: JHK-26013 | B26: JACOBO HESKEL | C26: JHK | D26: SWB | E26: TLLU5655389 | F26: 46134 | G26: 46173 | H26: ONE | I26: YANTIAN | J26: LAZARO CARDENAS,MX | K26: 3050 | L26: 0 | M26: 0 | N26: =SUM(K26:M26) -> 3050 | O26: have paid to ML-CHINA 11/08/26
A27: JHK-26019 | B27: JACOBO HESKEL | C27: JHK | D27: SWB | E27: FFAU1971831 | F27: 46157 | G27: 46190 | H27: MSC | I27: SHEKOU | J27: LAZARO CARDENAS,MX | K27: 4200 | L27: 0 | M27: 0 | N27: =SUM(K27:M27) -> 4200 | O27: =N27 -> 4200
A28: JHK-26020 | B28: JACOBO HESKEL | C28: JHK | D28: SWB | E28: MSNU6774072 | F28: 46157 | G28: 46190 | H28: MSC | I28: SHEKOU | J28: LAZARO CARDENAS,MX | K28: 4200 | L28: 0 | M28: 0 | N28: =SUM(K28:M28) -> 4200 | O28: =N28 -> 4200
A29: JHK-26021 | B29: JACOBO HESKEL | C29: JHK | D29: SWB | E29: TGBU9629807 | F29: 46157 | G29: 46190 | H29: MSC | I29: SHEKOU | J29: LAZARO CARDENAS,MX | K29: 4200 | L29: 0 | M29: 0 | N29: =SUM(K29:M29) -> 4200 | O29: =N29 -> 4200
A30: JHK-26022 | B30: JACOBO HESKEL | C30: JHK | D30: SWB | E30: MSMU7087821 | F30: 46163 | G30: 46195 | H30: MSC | I30: YANTIAN | J30: LAZARO,-ALL RAIL TO PANTACO | K30: 4200 | L30: 1850 | M30: 0 | N30: =SUM(K30:M30) -> 6050 | O30: have paid to ML-CHINA 11/08/26
A31: JHK-26023 | B31: JACOBO HESKEL | C31: JHK | D31: SWB | E31: BMOU5259228 | F31: 46163 | G31: 46195 | H31: MSC | I31: YANTIAN | J31: LAZARO,-ALL RAIL TO PANTACO | K31: 4200 | L31: 1850 | M31: 0 | N31: =SUM(K31:M31) -> 6050 | O31: have paid to ML-CHINA 11/08/26
A32: JHK-26024 | B32: JACOBO HESKEL | C32: JHK | D32: SWB | E32: EGHU9313380 | F32: 46173 | G32: 46198 | H32: EMC | I32: SHEKOU | J32: LAZARO CARDENAS,MX | K32: 5600 | L32: 0 | M32: 0 | N32: =SUM(K32:M32) -> 5600 | O32: have paid to ML-CHINA 11/08/26
A33: JHK-26025 | B33: JACOBO HESKEL | C33: JHK | D33: SWB | E33: EGSU1681008 | F33: 46173 | G33: 46198 | H33: EMC | I33: SHEKOU | J33: LAZARO CARDENAS,MX | K33: 5600 | L33: 0 | M33: 0 | N33: =SUM(K33:M33) -> 5600 | O33: have paid to ML-CHINA 11/08/26
A34: JHK-26026 | B34: JACOBO HESKEL | C34: JHK | D34: SWB | E34: CSGU6980829 | F34: 46168 | G34: 46196 | H34: COSCO | I34: NINGBO | J34: LAZARO CARDENAS,MX | K34: 5000 | L34: 0 | M34: 0 | N34: =SUM(K34:M34) -> 5000 | O34: have paid to ML-CHINA 11/08/26
A35: JHK-26027 | B35: JACOBO HESKEL | C35: JHK | D35: SWB | E35: EITU9870134 | F35: 46177 | G35: 46198 | H35: EMC | I35: NINGBO | J35: LAZARO CARDENAS,MX | K35: 6100 | L35: 0 | M35: 0 | N35: =SUM(K35:M35) -> 6100 | O35: have paid to ML-CHINA 11/08/26
A36: JHK-26028 | B36: JACOBO HESKEL | C36: JHK | D36: SWB | E36: TXGU5615027 | F36: 46180 | G36: 46206 | H36: EMC | I36: SHEKOU | J36: LAZARO CARDENAS,MX | K36: 6100 | L36: 0 | M36: 0 | N36: =SUM(K36:M36) -> 6100 | O36: have paid to ML-CHINA 11/08/26
A37: JHK-26029 | B37: JACOBO HESKEL | C37: JHK | D37: SWB | E37: EGSU1723546 | F37: 46180 | G37: 46206 | H37: EMC | I37: SHEKOU | J37: LAZARO CARDENAS,MX | K37: 6100 | L37: 0 | M37: 0 | N37: =SUM(K37:M37) -> 6100 | O37: have paid to ML-CHINA 11/08/26
A38: JHK-26030 | B38: JACOBO HESKEL | C38: JHK | D38: SWB | E38: TGBU6309116 | F38: 46185 | G38: 46210 | H38: EMC | I38: NINGBO | J38: LAZARO CARDENAS,MX | K38: 6600 | L38: 0 | M38: 0 | N38: =SUM(K38:M38) -> 6600 | O38: have paid to ML-CHINA 11/08/26
A39: JHK-26031 | B39: JACOBO HESKEL | C39: JHK | D39: SWB | E39: EGHU9428991 | F39: 46187 | G39: 46210 | H39: EMC | I39: SHEKOU | J39: LAZARO CARDENAS,MX | K39: 6600 | L39: 0 | M39: 0 | N39: =SUM(K39:M39) -> 6600 | O39: have paid to ML-CHINA 11/08/26
A40: JHK-26032 | B40: JACOBO HESKEL | C40: JHK | D40: SWB | E40: MSDU8870619 | F40: 46188 | G40: 46220 | H40: MSC | I40: NINGBO | J40: LAZARO CARDENAS,MX | K40: 6950 | L40: 0 | M40: 0 | N40: =SUM(K40:M40) -> 6950 | O40: have paid to ML-CHINA 11/08/26
A41: JHK-26033 | B41: JACOBO HESKEL | C41: JHK | D41: SWB | E41: MSNU5468545 | F41: 46188 | G41: 46220 | H41: MSC | I41: NINGBO | J41: LAZARO CARDENAS,MX | K41: 6950 | L41: 0 | M41: 0 | N41: =SUM(K41:M41) -> 6950 | O41: have paid to ML-CHINA 11/08/26
... A57: JHK-26051 | B57: JACOBO HESKEL | C57: JHK | D57: SWB | E57: CAJU5889149 | F57: 46217 | G57: 46245 | H57: ONE | I57: NINGBO | J57: LAZARO CARDENAS,RAIL-PANTACO(MEXICO CITY) | K57: 5700 | L57: 1700 | M57: 0 | N57: =SUM(K57:M57) -> 7400 | O57: have paid to ML-CHINA 11/08/26
A58: JHK-26052 | B58: JACOBO HESKEL | C58: JHK | D58: SWB | E58: CAAU5765558 | F58: 46229 | G58: 46258 | H58: EMC | I58: SHEKOU | J58: LAZARO CARDENAS,MX | K58: 5000 | L58: 0 | M58: 0 | N58: =SUM(K58:M58) -> 5000 | O58: =N58 -> 5000
A59: JHK-26038 | B59: JACOBO HESKEL | C59: JHK | D59: SWB | E59: SUDU6963394 | F59: 46219 | G59: 46253 | H59: MSK | I59: YANTIAN | J59: LAZARO CARDENAS,RAIL-PANTACO(MEXICO CITY) | K59: 5250 | L59: 1700 | M59: 0 | N59: =SUM(K59:M59) -> 6950 | O59: have paid to ML-CHINA 11/08/26
A60: JHK-26040 | B60: JACOBO HESKEL | C60: JHK | D60: SWB | E60: MRSU6498860 | F60: 46219 | G60: 46253 | H60: MSK | I60: YANTIAN | J60: LAZARO CARDENAS,RAIL-PANTACO(MEXICO CITY) | K60: 5250 | L60: 1700 | M60: 0 | N60: =SUM(K60:M60) -> 6950 | O60: have paid to ML-CHINA 11/08/26
A61: JHK-26054 | B61: JACOBO HESKEL | C61: JHK | D61: SWB | E61: FFAU5450106 | F61: 46234 | G61: 46261 | H61: MSK | I61: SHENZHEN | J61: LAZARO CARDENAS,MX | K61: 5050 | L61: 0 | M61: 0 | N61: =SUM(K61:M61) -> 5050 | O61: =N61 -> 5050
A62: JHK-26053 | B62: JACOBO HESKEL | C62: JHK | D62: SWB | E62: OOCU8353432 | F62: 46235 | G62: 46271 | H62: COSCO | I62: SHANGHAI | J62: LAZARO CARDENAS,MX | K62: 5600 | L62: 0 | M62: 0 | N62: =SUM(K62:M62) -> 5600 | O62: =N62 -> 5600
A63: JHK-26055 | B63: JACOBO HESKEL | C63: JHK | D63: SWB | E63: KOCU4871362 | F63: 46250 | G63: 46287 | H63: HMM | I63: SHANGHAI | J63: LAZARO CARDENAS,MX | K63: 7400 | L63: 0 | M63: 0 | N63: =SUM(K63:M63) -> 7400 | O63: =N63 -> 7400
A64: JHK-26056 | B64: JACOBO HESKEL | C64: JHK | D64: SWB | E64: MSMU4870242 | F64: 46257 | G64: 46288 | H64: MSC | I64: SHANGHAI | J64: LAZARO CARDENAS,MX | K64: 8000 | L64: 0 | M64: 0 | N64: =SUM(K64:M64) -> 8000 | O64: =N64 -> 8000
A65: JHK-26057 | B65: JACOBO HESKEL | C65: JHK | D65: SWB | E65: TCKU6939337 | F65: 46254 | G65: 46291 | H65: MSK | I65: YTANTIAN | J65: LAZARO CARDENAS,MX | K65: 7400 | L65: 0 | M65: 0 | N65: =SUM(K65:M65) -> 7400 | O65: =N65 -> 7400
A66: JHK-26058 | B66: JACOBO HESKEL | C66: JHK | D66: SWB | E66: MSMU5594637 | F66: 46267 | G66: 46301 | H66: MSC | I66: XIAMEN | J66: LAZARO CARDENAS,MX | K66: 8750 | L66: 0 | M66: 0 | N66: =SUM(K66:M66) -> 8750 | O66: =N66 -> 8750

Sheet SALOMON JASQUI
A2: REF/INV NO | B2: CUSTOMER | C2: CUSTOMER FOR | D2: CONSIGNATARIO | E2: BL | F2: CONTAINER | G2: ETD | H2: ETA | I2: SHIPPING LINE | J2: POL | K2: POD | L2: TOTAL COST | M2: RAIL | N2: INSURANCE | O2: BILL AMT
A3: BEN-26001 | B3: ALAN BENSUSAN | C3: SALOMON JASQUI | D3: IMPORTADORA COMERCIAL DIAROLI, S.A DE C.V. | E3: TLX | F3: OOCU7929631 | G3: 46056 | H3: 46091 | I3: COSCO | J3: SHANGHAI | K3: HOUSTON , TEXAS, US | L3: 3700 | M3: 0 | N3: 0 | O3: =SUM(L3:N3) -> 3700
A4: BEN-26002 | B4: ALAN BENSUSAN | C4: SALOMON JASQUI | D4: GT CARRIERS INC. | E4: TLX | F4: ZCSU7710724 | G4: 46106 | H4: 46140 | I4: ZIM | J4: XIAMEN | K4: HOUSTON | L4: 3900 | M4: 0 | N4: 0 | O4: =IFERROR(SUM(L4+N4),"") -> 3900
A5: BEN-26003 | B5: ALAN BENSUSAN | C5: SALOMON JASQUI | D5: GT CARRIERS INC. | E5: TLX | F5: CBHU9470413 | G5: 46124 | H5: 46153 | I5: OOCL | J5: SHANGHAI | K5: HOUSTON | L5: 4530 | M5: 0 | N5: 0 | O5: =IFERROR(SUM(L5+N5),"") -> 4530
A6: BEN-26007 | B6: ALAN BENSUSAN | C6: SALOMON JASQUI | D6: GT CARRIERS INC. | E6: TLX | F6: FCIU7467764 | G6: 46147 | H6: 46164 | I6: COSCO | J6: SHANGHAI | K6: LONG BEACH | L6: 3630 | M6: 0 | N6: 0 | O6: =IFERROR(SUM(L6+N6),"") -> 3630
A7: BEN-26009 | B7: ALAN BENSUSAN | C7: SALOMON JASQUI | D7: GT CARRIERS INC. | E7: TLX | F7: EGHU9432902 | G7: 46147 | H7: 46164 | I7: EMC | J7: XIAMEN | K7: LONG BEACH | L7: 3280 | M7: 0 | N7: 0 | O7: =IFERROR(SUM(L7+N7),"") -> 3280
A8: BEN-26006 | B8: ALAN BENSUSAN | C8: SALOMON JASQUI | D8: GT CARRIERS INC. | E8: TLX | F8: CSNU5955522 | G8: 46143 | H8: 46171 | I8: COSCO | J8: XIAMEN | K8: HOUSTON | L8: 4460 | M8: 0 | N8: 0 | O8: =IFERROR(SUM(L8+N8),"") -> 4460
A9: BEN-26004 | B9: ALAN BENSUSAN | C9: SALOMON JASQUI | D9: GT CARRIERS INC. | E9: TLX | F9: OOCU6015307 | G9: 46139 | H9: 46172 | I9: COSCO | J9: SHANGHAI | K9: HOUSTON | L9: 4550 | M9: 0 | N9: 0 | O9: =IFERROR(SUM(L9+N9),"") -> 4550
A10: BEN-26005 | B10: ALAN BENSUSAN | C10: SALOMON JASQUI | D10: GT CARRIERS INC. | E10: TLX | F10: TGBU9816686 | G10: 46139 | H10: 46172 | I10: COSCO | J10: SHANGHAI | K10: HOUSTON | L10: 4550 | M10: 0 | N10: 0 | O10: =IFERROR(SUM(L10+N10),"") -> 4550
A11: BEN-26008 | B11: ALAN BENSUSAN | C11: SALOMON JASQUI | D11: GT CARRIERS INC. | E11: TLX | F11: BEAU6201360 | G11: 46161 | H11: 46176 | I11: COSCO | J11: SHANGHAI | K11: LONG BEACH | L11: 3950 | M11: 0 | N11: 0 | O11: =IFERROR(SUM(L11+N11),"") -> 3950
A12: BEN-26011 | B12: ALAN BENSUSAN | C12: SALOMON JASQUI | E12: TLX | F12: CSNU6943491 | G12: 46168 | H12: 46181 | I12: COSCO | J12: SHANGHAI | K12: LONG BEACH | L12: 3950 | M12: 0 | N12: 0 | O12: =IFERROR(SUM(L12+N12),"") -> 3950
A13: BEN-26010 | B13: ALAN BENSUSAN | C13: SALOMON JASQUI | D13: GT CARRIERS INC. | E13: TLX | F13: CCLU7764770 | G13: 46164 | H13: 46182 | I13: COSCO | J13: XIAMEN | K13: LONG BEACH | L13: 3900 | M13: 0 | N13: 0 | O13: =IFERROR(SUM(L13+N13),"") -> 3900
A14: BEN-26012 | B14: ALAN BENSUSAN | C14: SALOMON JASQUI | D14: GT CARRIERS INC. | E14: TLX | F14: CSNU6793149 | G14: 46178 | H14: 46196 | I14: COSCO | J14: XIAMEN | K14: LONG BEACH | L14: 5650 | M14: 0 | N14: 0 | O14: =IFERROR(SUM(L14+N14),"") -> 5650
A15: HANONO-26001 | B15: BETO HANONO | C15: SALOMON JASQUI | D15: IMPORTADORA COMERCIAL DIAROLI, S.A DE C.V. | E15: TLX | F15: ZCSU7559500 | G15: 46068 | H15: 46105 | I15: ZIM | J15: NINGBO | K15: HOUSTON | L15: 3400 | M15: 0 | N15: 0 | O15: Have paid to ML-CHINA
A16: HANONO-26002 | B16: BETO HANONO | C16: SALOMON JASQUI | D16: GT CARRIERS INC. | E16: TLX | F16: CSNU7830951 | G16: 46162 | H16: 46192 | I16: COSCO | J16: NINGBO | K16: HOUSTON | L16: 5150 | M16: 0 | N16: 0 | O16: =IFERROR(SUM(L16+N16),"") -> 5150
A17: BEHI-26001 | B17: BETO HILU | C17: SALOMON JASQUI | D17: IMPORTADORA COMERCIAL DIAROLI, S.A DE C.V. | E17: TLX | F17: CICU6801662 | G17: 46053 | H17: 46084 | I17: ZIM | J17: SHENZHEN | K17: HOUSTON , TEXAS, US | L17: 3400 | M17: 0 | N17: 0 | O17: =SUM(L17:N17) -> 3400
A18: DACH-26002 | B18: DANIEL CHEREM | C18: SOLOMON JASQUI | D18: IMPORTADORA COMERCIAL DIAROLI, S.A DE C.V. | E18: TLX | F18: BMOU5516537 | G18: 46066 | H18: 46098 | I18: COSCO | J18: XIAMEN | K18: HOUSTON | L18: 3650 | M18: 0 | N18: 0 | O18: =SUM(L18:N18) -> 3650
A19: BENA-26002 | B19: DAVID BENAVIDES | C19: SALOMON JASQUI | D19: COMERCIALIZADORA AMCT SA DE CV | E19: TLX | F19: TXGU8332416 | G19: 46039 | H19: 46057 | I19: EMC | J19: SHANGHAI | K19: LAZARO CARDENAS,MX | L19: 1350 | M19: 0 | N19: 100 | O19: =SUM(L19:N19) -> 1450
A20: BENA-26001 | B20: DAVID BENAVIDES | C20: SALOMON JASQUI | D20: COMERCIALIZADORA AMCT SA DE CV | E20: TLX | F20: TRHU6224603 | G20: 46042 | H20: 46068 | I20: COSCO | J20: NINGBO | K20: LAZARO CARDENAS,MX | L20: 1300 | M20: 0 | N20: 100 | O20: =SUM(L20:N20) -> 1400
A21: DABE-26001 | B21: DAVID BENAVIDES | C21: SOLOMON JASQUI | D21: COMERCIALIZADORA AMCT SA DE CV | E21: TLX | F21: HMMU4620993 | G21: 46054 | H21: 46077 | I21: HMM | J21: NINGBO | K21: LAZARO CARDENAS,MX | L21: 1450 | M21: 0 | N21: 100 | O21: =SUM(L21:N21) -> 1550
A22: DABE-26002 | B22: DAVID BENAVIDES | C22: SALOMON JASQUI | D22: COMERCIALIZADORA AMCT SA DE CV | E22: TLX | F22: TCNU4843246 | G22: 46117 | H22: 46140 | I22: ONE | J22: NINGBO | K22: LAZARO CARDENAS,MX | L22: 3250 | M22: 0 | N22: 100 | O22: =IFERROR(SUM(L22+N22),"") -> 3350
A23: OPPO-26001 | B23: JACK ANZARUT | C23: SALOMON JASQUI | D23: GT CARRIERS INC. | E23: TLX | F23: CCLU7764698 | G23: 46139 | H23: 46164 | I23: OOCL | J23: YANTIAN | K23: HOUSTON | L23: 4400 | M23: 0 | N23: 100 | O23: =IFERROR(SUM(L23+N23),"") -> 4500
A24: NOTIJS-25005 | B24: JACOBO SHREM | C24: SOLOMON JASQUI | D24: COMERCIALIZADORA AMCT SA DE CV | E24: TLX | F24: TRHU6765980 | G24: 45668 | H24: 46058 | I24: EMC | J24: SHANGHAI | K24: LAZARO CARDENAS,MX | L24: 1550 | M24: 0 | N24: 100 | O24: =SUM(L24:N24) -> 1650
A25: NOTIJS-25006 | B25: JACOBO SHREM | C25: SOLOMON JASQUI | D25: COMERCIALIZADORA AMCT SA DE CV | E25: TLX | F25: TLLU5856660 | G25: 45668 | H25: 46058 | I25: EMC | J25: SHANGHAI | K25: LAZARO CARDENAS,MX | L25: 1550 | M25: 0 | N25: 100 | O25: =SUM(L25:N25) -> 1650
A26: NOTIJS-26001 | B26: JACOBO SHREM | C26: SOLOMON JASQUI | D26: COMERCIALIZADORA AMCT SA DE CV | E26: TLX | F26: MSBU7179293 | G26: 46045 | H26: 46073 | I26: MSC | J26: NINGBO | K26: LAZARO CARDENAS,MX | L26: 1250 | M26: 0 | N26: 100 | O26: =SUM(L26:N26) -> 1350
A27: NOTIJS-26003 | B27: JACOBO SHREM | C27: SOLOMON JASQUI | D27: COMERCIALIZADORA AMCT SA DE CV | E27: TLX | F27: TGBU7006618 | G27: 46061 | H27: 46087 | I27: MSC | J27: QINGDAO | K27: LAZARO CARDENAS,MX | L27: 1350 | M27: 0 | N27: 100 | O27: =SUM(L27:N27) -> 1450
A28: NOTIJS-26004 | B28: JACOBO SHREM | C28: SOLOMON JASQUI | D28: COMERCIALIZADORA AMCT SA DE CV | E28: TLX | F28: SEGU6247698 | G28: 46068 | H28: 46096 | I28: MSC | J28: NINGBO | K28: LAZARO CARDENAS,MX | L28: 2600 | M28: 0 | N28: 100 | O28: =SUM(L28:N28) -> 2700
A29: NOTIJS-26002 | B29: Jacobo Shrem | C29: SOLOMON JASQUI | D29: COMERCIALIZADORA AMCT SA DE CV | E29: TLX | F29: HMMU6980772 | G29: 46110 | H29: 46133 | I29: HMM | J29: NINGBO | K29: LAZARO CARDENAS,MX | L29: 3150 | M29: 0 | N29: 100 | O29: =IFERROR(SUM(L29+N29),"") -> 3250
A30: NOTIJS-26005 | B30: Jacobo Shrem | C30: SALOMON JASQUI | D30: COMERCIALIZADORA AMCT SA DE CV | E30: TLX | F30: BEAU6313777 | G30: 46135 | H30: 46155 | I30: EMC | J30: NINGBO | K30: LAZARO CARDENAS,MX | L30: 3050 | M30: 0 | N30: 100 | O30: =IFERROR(SUM(L30+N30),"") -> 3150
A31: NOTIJS-26006 | B31: Jacobo Shrem | C31: SOLOMON JASQUI | D31: GT CARRIERS INC. | E31: TLX | F31: EITU8082858 | G31: 46177 | H31: 46198 | I31: EMC | J31: NINGBO | K31: LAZARO CARDENAS,MX | L31: 6100 | M31: 0 | N31: 100 | O31: =IFERROR(SUM(L31+N31),"") -> 6200
A32: JISA-25021 | B32: JIMMY SAMPSON | C32: SOLOMON JASQUI | D32: IMP & EXP LURADAK SA DE CV | E32: TLX | F32: HMMU6957854 | G32: 46026 | H32: 45684 | I32: HMM | J32: NINGBO | K32: LAZARO CARDENAS,MX | L32: 1550 | M32: 0 | N32: 100 | O32: =SUM(L32:N32) -> 1650
A33: JISA-25022 | B33: JIMMY SAMPSON | C33: SOLOMON JASQUI | D33: IMP & EXP LURADAK SA DE CV | E33: TLX | F33: HMMU7013782 | G33: 46026 | H33: 45684 | I33: HMM | J33: NINGBO | K33: LAZARO CARDENAS,MX | L33: 1550 | M33: 0 | N33: 100 | O33: =SUM(L33:N33) -> 1650
A34: JISA-25025 | B34: JIMMY SAMPSON | C34: SOLOMON JASQUI | D34: IMP & EXP LURADAK SA DE CV | E34: TLX | F34: HMMU4261466 | G34: 46026 | H34: 45684 | I34: HMM | J34: NINGBO | K34: LAZARO CARDENAS,MX | L34: 1550 | M34: 0 | N34: 100 | O34: =SUM(L34:N34) -> 1650
A35: JISA-25026 | B35: JIMMY SAMPSON | C35: SOLOMON JASQUI | D35: IMP & EXP LURADAK SA DE CV | E35: TLX | F35: HMMU6970537 | G35: 46026 | H35: 45684 | I35: HMM | J35: NINGBO | K35: LAZARO CARDENAS,MX | L35: 1550 | M35: 0 | N35: 100 | O35: =SUM(L35:N35) -> 1650
A36: JISA-25027 | B36: JIMMY SAMPSON | C36: SOLOMON JASQUI | D36: IMP & EXP LURADAK SA DE CV | E36: TLX | F36: TCNU6390473 | G36: 46033 | H36: 45691 | I36: ONE | J36: NINGBO | K36: LAZARO CARDENAS,MX | L36: 1500 | M36: 0 | N36: 100 | O36: =SUM(L36:N36) -> 1600
A37: JISA-26001 | B37: JIMMY SAMPSON | C37: SOLOMON JASQUI | D37: IMP & EXP LURADAK SA DE CV | E37: TLX | F37: TXGU8977842 | G37: 46033 | H37: 46056 | I37: ONE | J37: NINGBO | K37: LAZARO CARDENAS,MX | L37: 1500 | M37: 0 | N37: 100 | O37: =SUM(L37:N37) -> 1600
A38: JISA-26002 | B38: JIMMY SAMPSON | C38: SOLOMON JASQUI | D38: IMP & EXP LURADAK SA DE CV | E38: TLX | F38: CSNU7737469 | G38: 46042 | H38: 46063 | I38: COSCO | J38: NINGBO | K38: LAZARO CARDENAS,MX | L38: 1300 | M38: 0 | N38: 100 | O38: =SUM(L38:N38) -> 1400
A39: JISA-26003 | B39: JIMMY SAMPSON | C39: SOLOMON JASQUI | D39: IMP & EXP LURADAK SA DE CV | E39: TLX | F39: TIIU6194485 | G39: 46042 | H39: 46063 | I39: COSCO | J39: NINGBO | K39: LAZARO CARDENAS,MX | L39: 1300 | M39: 0 | N39: 100 | O39: =SUM(L39:N39) -> 1400
A40: JISA-26004 | B40: JIMMY SAMPSON | C40: SOLOMON JASQUI | D40: IMP & EXP LURADAK SA DE CV | E40: TLX | F40: TGHU6856389 | G40: 46042 | H40: 46063 | I40: COSCO | J40: NINGBO | K40: LAZARO CARDENAS,MX | L40: 1300 | M40: 0 | N40: 100 | O40: =SUM(L40:N40) -> 1400
A41: JISA-26005 | B41: JIMMY SAMPSON | C41: SOLOMON JASQUI | D41: IMP & EXP LURADAK SA DE CV | E41: TLX | F41: OOLU6956120 | G41: 46042 | H41: 46063 | I41: COSCO | J41: NINGBO | K41: LAZARO CARDENAS,MX | L41: 1300 | M41: 0 | N41: 100 | O41: =SUM(L41:N41) -> 1400
A42: JISA-26006 | B42: JIMMY SAMPSON | C42: SOLOMON JASQUI | D42: IMP & EXP LURADAK SA DE CV | E42: TLX | F42: TIIU4734347 | G42: 46042 | H42: 46063 | I42: COSCO | J42: NINGBO | K42: LAZARO CARDENAS,MX | L42: 1300 | M42: 0 | N42: 100 | O42: =SUM(L42:N42) -> 1400
A43: JISA-26009 | B43: JIMMY SAMPSON | C43: SOLOMON JASQUI | D43: IMP & EXP LURADAK SA DE CV | E43: TLX | F43: ONEU6506121 | G43: 46054 | H43: 46077 | I43: ONE | J43: NINGBO | K43: LAZARO CARDENAS,MX | L43: 1400 | M43: 0 | N43: 100 | O43: =SUM(L43:N43) -> 1500
... A50: JISA-26026 | B50: JIMMY SAMPSON | C50: SOLOMON JASQUI | D50: IMP & EXP LURADAK SA DE CV | E50: TLX | F50: TGBU9967110 | G50: 46109 | H50: 46148 | I50: EMC | J50: HAZIRA | K50: LAZARO CARDENAS,MX | L50: 3200 | M50: 0 | N50: 100 | O50: =SUM(L50:N50) -> 3300
A51: JISA-26035 | B51: JIMMY SAMPSON | C51: SOLOMON JASQUI | D51: IMP & EXP LURADAK SA DE CV | E51: TLX | F51: ONEU6654392 | G51: 46117 | H51: 46140 | I51: ONE | J51: NINGBO | K51: LAZARO CARDENAS,MX | L51: 3250 | M51: 0 | N51: 100 | O51: =IFERROR(SUM(L51+N51),"") -> 3350
A52: JISA-26037 | B52: JIMMY SAMPSON | C52: SOLOMON JASQUI | D52: IMP & EXP LURADAK SA DE CV | E52: TLX | F52: MSDU6148227 | G52: 46125 | H52: 46145 | I52: MSC | J52: NINGBO | K52: LAZARO CARDENAS,MX | L52: 3350 | M52: 0 | N52: 100 | O52: =IFERROR(SUM(L52+N52),"") -> 3450
A53: JISA-26038 | B53: JIMMY SAMPSON | C53: SOLOMON JASQUI | D53: IMP & EXP LURADAK SA DE CV | E53: TLX | F53: DFSU7109640 | G53: 46125 | H53: 46155 | I53: MSC | J53: NINGBO | K53: LAZARO CARDENAS,MX | L53: 3350 | M53: 0 | N53: 100 | O53: =IFERROR(SUM(L53+N53),"") -> 3450
A54: JISA-26039 | B54: JIMMY SAMPSON | C54: SOLOMON JASQUI | D54: IMP & EXP LURADAK SA DE CV | E54: TLX | F54: CSNU7338140 | G54: 46126 | H54: 46152 | I54: COSCO | J54: NINGBO | K54: LAZARO CARDENAS,MX | L54: 3150 | M54: 0 | N54: 100 | O54: =IFERROR(SUM(L54+N54),"") -> 3250
A55: JISA-26040 | B55: JIMMY SAMPSON | C55: SOLOMON JASQUI | D55: IMP & EXP LURADAK SA DE CV | E55: TLX | F55: CSNU7349870 | G55: 46133 | H55: 46159 | I55: COSCO | J55: NINGBO | K55: LAZARO CARDENAS,MX | L55: 2900 | M55: 0 | N55: 100 | O55: =IFERROR(SUM(L55+N55),"") -> 3000
A56: JISA-26041 | B56: JIMMY SAMPSON | C56: SOLOMON JASQUI | D56: IMP & EXP LURADAK SA DE CV | E56: TLX | F56: TIIU6362444 | G56: 46133 | H56: 46159 | I56: COSCO | J56: NINGBO | K56: LAZARO CARDENAS,MX | L56: 2900 | M56: 0 | N56: 100 | O56: =IFERROR(SUM(L56+N56),"") -> 3000
A57: JISA-26042 | B57: JIMMY SAMPSON | C57: SOLOMON JASQUI | D57: IMP & EXP LURADAK SA DE CV | E57: TLX | F57: OOCU6185685 | G57: 46133 | H57: 46159 | I57: COSCO | J57: NINGBO | K57: LAZARO CARDENAS,MX | L57: 2900 | M57: 0 | N57: 100 | O57: =IFERROR(SUM(L57+N57),"") -> 3000
A58: JISA-26043 | B58: JIMMY SAMPSON | C58: SOLOMON JASQUI | D58: IMP & EXP LURADAK SA DE CV | E58: TLX | F58: KKFU7867537 | G58: 46148 | H58: 46173 | I58: ONE | J58: NINGBO | K58: LAZARO CARDENAS,MX | L58: 3000 | M58: 0 | N58: 100 | O58: =IFERROR(SUM(L58+N58),"") -> 3100
A59: JISA-26047 | B59: JIMMY SAMPSON | C59: SOLOMON JASQUI | D59: IMP & EXP LURADAK SA DE CV | E59: TLX | F59: EITU1599068 | G59: 46156 | H59: 46183 | I59: EMC | J59: NINGBO | K59: LAZARO CARDENAS,MX | L59: 3650 | M59: 0 | N59: 100 | O59: =IFERROR(SUM(L59+N59),"") -> 3750
A60: JISA-26048 | B60: JIMMY SAMPSON | C60: SOLOMON JASQUI | D60: IMP & EXP LURADAK SA DE CV | E60: TLX | F60: MSDU5407703 | G60: 46146 | H60: 46175 | I60: MSC | J60: NINGBO | K60: LAZARO CARDENAS,MX | L60: 3100 | M60: 0 | N60: 100 | O60: =IFERROR(SUM(L60+N60),"") -> 3200
A61: JISA-26049 | B61: JIMMY SAMPSON | C61: SOLOMON JASQUI | D61: IMP & EXP LURADAK SA DE CV | E61: TLX | F61: MSDU7160839 | G61: 46146 | H61: 46175 | I61: MSC | J61: NINGBO | K61: LAZARO CARDENAS,MX | L61: 3100 | M61: 0 | N61: 100 | O61: =IFERROR(SUM(L61+N61),"") -> 3200
A62: JISA-26050 | B62: JIMMY SAMPSON | C62: SOLOMON JASQUI | D62: IMP & EXP LURADAK SA DE CV | E62: TLX | F62: EITU1656614 | G62: 46156 | H62: 46176 | I62: EMC | J62: NINGBO | K62: LAZARO CARDENAS,MX | L62: 3650 | M62: 0 | N62: 100 | O62: =IFERROR(SUM(L62+N62),"") -> 3750
... A80: JISA-26078 | B80: JIMMY SAMPSON | C80: SOLOMON JASQUI | D80: IMP & EXP LURADAK SA DE CV | E80: TLX | F80: KOCU5171595 | G80: 46182 | H80: 46217 | I80: HMM | J80: NINGBO | K80: LAZARO CARDENAS,MX | L80: 5950 | M80: 0 | N80: 100 | O80: =IFERROR(SUM(L80+N80),"") -> 6050
A81: JISA-26079 | B81: JIMMY SAMPSON | C81: SOLOMON JASQUI | D81: IMP & EXP LURADAK SA DE CV | E81: TLX | F81: TIIU5607497 | G81: 46191 | H81: 46215 | I81: EMC | J81: NINGBO | K81: LAZARO CARDENAS,MX | L81: 7100 | M81: 0 | N81: 100 | O81: =SUM(L81:N81) -> 7200
A82: JISA-26080 | B82: JIMMY SAMPSON | C82: SOLOMON JASQUI | D82: IMP & EXP LURADAK SA DE CV | E82: TLX | F82: TRHU8093565 | G82: 46195 | H82: 46215 | I82: EMC | J82: NINGBO | K82: LAZARO CARDENAS,MX | L82: 7100 | M82: 0 | N82: 100 | O82: =SUM(L82:N82) -> 7200
A83: JISA-26081 | B83: JIMMY SAMPSON | C83: SOLOMON JASQUI | D83: IMP & EXP LURADAK SA DE CV | E83: TLX | F83: TGBU7743810 | G83: 46198 | H83: 46218 | I83: EMC | J83: NINGBO | K83: LAZARO CARDENAS,MX | L83: 6900 | M83: 0 | N83: 100 | O83: =SUM(L83:N83) -> 7000
A84: JISA-26082 | B84: JIMMY SAMPSON | C84: SOLOMON JASQUI | D84: IMP & EXP LURADAK SA DE CV | E84: TLX | F84: MSNU5337680 | G84: 46185 | H84: 46251 | I84: MSC | J84: NHAVA SHEVA, INDIA | K84: LAZARO CARDENAS,MX | L84: 4900 | M84: 370 | N84: 0 | O84: =IFERROR(SUM(L84+N84+M84),"") -> 5270
A85: M-SKF-260003 | B85: KOBI-SKF | C85: SALOMON JASQUI | D85: GT CARRIERS INC. | E85: TLX | F85: FFAU2326200 | G85: 46171 | H85: 46189 | I85: COSCO | J85: XIAMEN | K85: LONG BEACH | L85: 3900 | M85: 0 | N85: 180 | O85: =IFERROR(SUM(L85+N85),"") -> 4080
A86: M-SKF-260005 | B86: KOBI-SKF | C86: SALOMON JASQUI | D86: GT CARRIERS INC. | E86: TLX | F86: CSNU6550663 | G86: 46171 | H86: 46189 | I86: COSCO | J86: XIAMEN | K86: LONG BEACH | L86: 3900 | M86: 0 | N86: 180 | O86: =IFERROR(SUM(L86+N86),"") -> 4080
A87: M-SKF-260006 | B87: KOBI-SKF | C87: SALOMON JASQUI | D87: GT CARRIERS INC. | E87: TLX | F87: OOCU7121113 | G87: 46171 | H87: 46189 | I87: COSCO | J87: XIAMEN | K87: LONG BEACH | L87: 3900 | M87: 0 | N87: 180 | O87: =IFERROR(SUM(L87+N87),"") -> 4080
A88: M-SKF-260007 | B88: KOBI-SKF | C88: SALOMON JASQUI | D88: GT CARRIERS INC. | E88: TLX | F88: OOCU7432584 | G88: 46171 | H88: 46189 | I88: COSCO | J88: XIAMEN | K88: LONG BEACH | L88: 3900 | M88: 0 | N88: 180 | O88: =IFERROR(SUM(L88+N88),"") -> 4080
A89: M-SKF-260008 | B89: KOBI-SKF | C89: SALOMON JASQUI | D89: GT CARRIERS INC. | E89: TLX | F89: FCIU9848395 | G89: 46171 | H89: 46189 | I89: COSCO | J89: XIAMEN | K89: LONG BEACH | L89: 3900 | M89: 0 | N89: 180 | O89: =IFERROR(SUM(L89+N89),"") -> 4080
A90: M-SKF-260009 | B90: KOBI-SKF | C90: SALOMON JASQUI | D90: GT CARRIERS INC. | E90: TLX | F90: CSNU7990287 | G90: 46171 | H90: 46189 | I90: COSCO | J90: XIAMEN | K90: LONG BEACH | L90: 3900 | M90: 0 | N90: 180 | O90: =IFERROR(SUM(L90+N90),"") -> 4080
A91: M-SKF-260010 | B91: KOBI-SKF | C91: SALOMON JASQUI | D91: GT CARRIERS INC. | E91: TLX | F91: OOLU9296971 | G91: 46171 | H91: 46189 | I91: COSCO | J91: XIAMEN | K91: LONG BEACH | L91: 3900 | M91: 0 | N91: 180 | O91: =IFERROR(SUM(L91+N91),"") -> 4080
A92: M-SKF-260011 | B92: KOBI-SKF | C92: SALOMON JASQUI | D92: GT CARRIERS INC. | E92: TLX | F92: TCLU9785567 | G92: 46171 | H92: 46189 | I92: COSCO | J92: XIAMEN | K92: LONG BEACH | L92: 3900 | M92: 0 | N92: 180 | O92: =IFERROR(SUM(L92+N92),"") -> 4080
A93: M-SKF-260004 | B93: KOBI-SKF | C93: SALOMON JASQUI | D93: GT CARRIERS INC. | E93: TLX | F93: OOLU9471694 | G93: 46178 | H93: 46196 | I93: COSCO | J93: XIAMEN | K93: LONG BEACH | L93: 3880 | M93: 0 | N93: 180 | O93: =IFERROR(SUM(L93+N93),"") -> 4060
A94: M-SKF-260015 | B94: KOBI-SKF | C94: SALOMON JASQUI | D94: GT CARRIERS INC. | E94: TLX | F94: OOCU6982966 | G94: 46178 | H94: 46196 | I94: COSCO | J94: XIAMEN | K94: LONG BEACH | L94: 3880 | M94: 0 | N94: 180 | O94: =IFERROR(SUM(L94+N94),"") -> 4060
A95: M-SKF-260017 | B95: KOBI-SKF | C95: SALOMON JASQUI | D95: GT CARRIERS INC. | E95: TLX | F95: CSNU7630300 | G95: 46178 | H95: 46196 | I95: COSCO | J95: XIAMEN | K95: LONG BEACH | L95: 3880 | M95: 0 | N95: 180 | O95: =IFERROR(SUM(L95+N95),"") -> 4060
A96: M-SKF-260018 | B96: KOBI-SKF | C96: SALOMON JASQUI | D96: GT CARRIERS INC. | E96: TLX | F96: CSNU8446792 | G96: 46178 | H96: 46196 | I96: COSCO | J96: XIAMEN | K96: LONG BEACH | L96: 3880 | M96: 0 | N96: 180 | O96: =IFERROR(SUM(L96+N96),"") -> 4060
... A98: NOAH-26001 | B98: NOAH | C98: SALOMON JASQUI | D98: GT CARRIERS INC. | E98: TLX | F98: KOCU9016576 | G98: 46111 | H98: 46145 | I98: HMM | J98: YANTIAN | K98: HOUSTON | L98: 4950 | M98: 0 | N98: 180 | O98: =IFERROR(SUM(L98+N98),"") -> 5130
A99: NOAH-26002 | B99: NOAH | C99: SALOMON JASQUI | D99: GT CARRIERS INC. | E99: TLX | F99: TXGU8083150 | G99: 46129 | H99: 46147 | I99: HMM | J99: NINGBO | K99: LONG BEACH | L99: 3345 | M99: 0 | N99: 0 | O99: 3345
A100: NOAH-26005 | B100: NOAH | C100: SALOMON JASQUI | D100: GT CARRIERS INC. | E100: TLX | F100: CSNU9546076 | G100: 46144 | H100: 46172 | I100: OOCL | J100: YANTIAN | K100: HOUSTON | L100: 5310 | M100: 0 | N100: 0 | O100: 5310
A101: NOAH-26003 | B101: NOAH | C101: SALOMON JASQUI | D101: GT CARRIERS INC. | E101: TLX | F101: CXDU2292746 | G101: 46159 | H101: 46196 | I101: ZIM | J101: NINGBO | K101: HOUSTON | L101: 5980 | M101: 0 | N101: 0 | O101: =IFERROR(SUM(L101+N101),"") -> 5980
A102: NOAH-26009 | B102: NOAH | C102: SALOMON JASQUI | D102: GT CARRIERS INC. | E102: TLX | F102: ZCSU6793920 | G102: 46167 | H102: 46196 | I102: ZIM | J102: NINGBO | K102: HOUSTON | L102: 5035 | M102: 0 | N102: 0 | O102: =IFERROR(SUM(L102+N102),"") -> 5035
A103: NOAH-26006 | B103: NOAH | C103: NOAH | D103: GT CARRIERS INC. | E103: TLX | F103: OOLU9072930 | G103: 46170 | H103: 46200 | I103: CMA | J103: NINGBO | K103: HOUSTON | L103: 6635 | M103: 0 | N103: 0 | O103: =IFERROR(SUM(L103+N103),"") -> 6635
A104: NOAH-26004 | B104: NOAH | C104: SALOMON JASQUI | D104: GT CARRIERS INC. | E104: TLX | F104: EITU8089019 | G104: 46168 | H104: 46194 | I104: EMC | J104: NINGBO | K104: HOUSTON | L104: 5535 | M104: 0 | N104: 0 | O104: =IFERROR(SUM(L104+N104),"") -> 5535
A105: NOAH-26010 | B105: NOAH | C105: SALOMON JASQUI | D105: GT CARRIERS INC. | E105: TLX | F105: TGBU4964090 | G105: 46173 | H105: 46201 | I105: COSCO | J105: SHENZHEN | K105: HOUSTON | L105: 5535 | M105: 0 | N105: 0 | O105: =IFERROR(SUM(L105+N105),"") -> 5535
A106: NOAH-26011 | B106: NOAH | C106: SALOMON JASQUI | D106: GT CARRIERS INC. | E106: TLX | F106: OOCU0221147 | G106: 46180 | H106: 46213 | I106: COSCO | J106: SHANGHAI | K106: HOUSTON | L106: 8580 | M106: 0 | N106: 0 | O106: =IFERROR(SUM(L106+N106),"") -> 8580
A107: NOAH-26012 | B107: NOAH | C107: SALOMON JASQUI | D107: GT CARRIERS INC. | E107: TLX | F107: CSGU6851225 | G107: 46181 | H107: 46204 | I107: COSCO | J107: QINGDAO | K107: LONG BEACH | L107: 5400 | M107: 0 | N107: 0 | O107: =IFERROR(SUM(L107+N107),"") -> 5400
A108: NOAH-26007 | B108: NOAH | C108: SALOMON JASQUI | D108: GT CARRIERS INC. | E108: TLX | F108: HMMU6286170 | G108: 46186 | H108: 46208 | I108: HMM | J108: NINGBO | K108: LOS ANGELES,CA | L108: 5350 | M108: 0 | N108: 0 | O108: =IFERROR(SUM(L108+N108),"") -> 5350
A109: NOAH-26008 | B109: NOAH | C109: SALOMON JASQUI | D109: GT CARRIERS INC. | E109: TLX | F109: HMMU4178860 | G109: 46186 | H109: 46209 | I109: HMM | J109: NINGBO | K109: LOS ANGELES,CA | L109: 5350 | M109: 0 | N109: 0 | O109: =IFERROR(SUM(L109+N109),"") -> 5350
A110: LESA-26001 | B110: SALO ZAGA | C110: SALOMON JASQUI | D110: IMP & EXP LURADAK SA DE CV | E110: TLX | F110: TCNU1994167 | G110: 46121 | H110: 46153 | I110: COSCO | J110: NINGBO | K110: LAZARO CARDENAS,MX | L110: 3250 | M110: 0 | N110: 0 | O110: =IFERROR(SUM(L110+N110),"") -> 3250
A111: PE-1586 | B111: UNIREF | C111: SALOMON JASQUI | D111: COMERCIALIZADORA AMCT SA DE CV | E111: TLX | F111: EGHU9824349 | G111: 46159 | H111: 46183 | I111: EMC | J111: SHENZHEN | K111: LAZARO CARDENAS,MX | L111: 4200 | M111: 0 | N111: 0 | O111: =IFERROR(SUM(L111+N111),"") -> 4200
A112: PE-1585 | B112: UNIREF | C112: SALOMON JASQUI | D112: COMERCIALIZADORA AMCT SA DE CV | E112: TLX | F112: TXGU7909355 | G112: 46161 | H112: 46189 | I112: HMM | J112: NINGBO | K112: LAZARO CARDENAS,MX | L112: 4150 | M112: 0 | N112: 0 | O112: =IFERROR(SUM(L112+N112),"") -> 4150
... A119: PE-1600 | B119: UNIREF | C119: SALOMON JASQUI | D119: COMERCIALIZADORA AMCT SA DE CV | E119: TLX | F119: HMMU4821827 | G119: 46194 | H119: 46222 | I119: COSCO | J119: NINGBO | K119: LAZARO CARDENAS,MX | L119: 6910 | M119: 0 | N119: 0 | O119: =IFERROR(SUM(L119+N119),"") -> 6910
A120: ZUDU-26001 | B120: ZURY DUECK | C120: SOLOMON JASQUI | D120: CAMBRIC TEXTIL SA DE CV | E120: TLX | F120: TCKU6658793 | G120: 46049 | H120: 46085 | I120: MSK | J120: SHANGHAI | K120: LAZARO CARDENAS,MX | L120: 1300 | M120: 0 | N120: 100 | O120: =SUM(L120:N120) -> 1400
A121: ZUDU-26002 | B121: ZURY DUECK | C121: SOLOMON JASQUI | D121: IMPORTADORA COMERCIAL DIAROLI, S.A DE C.V. | E121: TLX | F121: DFSU7055816 | G121: 46056 | H121: 46089 | I121: COSCO | J121: SHANGHAI | K121: HOUSTON | L121: 3750 | M121: 0 | N121: 0 | O121: =SUM(L121:N121) -> 3750
A122: ZUDU-26003 | B122: ZURY DUECK | C122: SOLOMON JASQUI | D122: GT CARRIERS INC. | E122: TLX | F122: TGBU4103430 | G122: 46180 | H122: 46227 | I122: COSCO | J122: QINGDAO | K122: HOUSTON | L122: 6750 | M122: 0 | N122: 0 | O122: =IFERROR(SUM(L122+N122),"") -> 6750
A123: BEN-26013 | B123: ALAN BENSUSAN | C123: SALOMON JASQUI | D123: GT CARRIERS INC. | E123: TLX | F123: RFCU4088823 | G123: 46189 | H123: 46209 | I123: COSCO | J123: SHANGHAI | K123: LOS ANGELES,CA | L123: 6880 | M123: 0 | N123: 0 | O123: =SUM(L123:N123) -> 6880
A124: BEN-26014 | B124: ALAN BENSUSAN | C124: SALOMON JASQUI | D124: GT CARRIERS INC. | E124: TLX | F124: OOCU8878924 | G124: 46192 | H124: 46211 | I124: COSCO | J124: XIAMEN | K124: LONG BEACH | L124: 6850 | M124: 0 | N124: 0 | O124: =SUM(L124:N124) -> 6850
A125: JISA-26085 | B125: JIMMY SAMPSON | C125: SOLOMON JASQUI | D125: IMP & EXP LURADAK SA DE CV | E125: TLX | F125: FFAU3068202 | G125: 46195 | H125: 46221 | I125: MSC | J125: NINGBO | K125: LAZARO CARDENAS,MX | L125: 6800 | M125: 0 | N125: 100 | O125: =SUM(L125:N125) -> 6900
A126: JISA-26086 | B126: JIMMY SAMPSON | C126: SOLOMON JASQUI | D126: IMP & EXP LURADAK SA DE CV | E126: TLX | F126: MSBU5514392 | G126: 46195 | H126: 46221 | I126: MSC | J126: NINGBO | K126: LAZARO CARDENAS,MX | L126: 6800 | M126: 0 | N126: 100 | O126: =SUM(L126:N126) -> 6900
A127: M-ALAN-260029 | B127: KOBI-ALAN | C127: SALOMON JASQUI | D127: GT CARRIERS INC. | E127: TLX | F127: BEAU5758388 | G127: 46192 | H127: 46211 | I127: COSCO | J127: XIAMEN | K127: LONG BEACH | L127: 6850 | M127: 0 | N127: 180 | O127: =SUM(L127:N127) -> 7030
A128: M-SKF-260012 | B128: KOBI-SKF | C128: SALOMON JASQUI | D128: GT CARRIERS INC. | E128: TLX | F128: TIIU5370276 | G128: 46192 | H128: 46211 | I128: COSCO | J128: XIAMEN | K128: LONG BEACH | L128: 6850 | M128: 0 | N128: 180 | O128: =SUM(L128:N128) -> 7030
A129: M-SKF-260016 | B129: KOBI-SKF | C129: SALOMON JASQUI | D129: GT CARRIERS INC. | E129: TLX | F129: FFAU2555320 | G129: 46192 | H129: 46211 | I129: COSCO | J129: XIAMEN | K129: LONG BEACH | L129: 6850 | M129: 0 | N129: 180 | O129: =SUM(L129:N129) -> 7030
A130: M-SKF-260020 | B130: KOBI-SKF | C130: SALOMON JASQUI | D130: GT CARRIERS INC. | E130: TLX | F130: CSNU8215617 | G130: 46192 | H130: 46211 | I130: COSCO | J130: XIAMEN | K130: LONG BEACH | L130: 6850 | M130: 0 | N130: 180 | O130: =SUM(L130:N130) -> 7030
A131: NOAH-26015 | B131: NOAH | C131: SALOMON JASQUI | D131: GT CARRIERS INC. | E131: TLX | F131: OOLU9966939 | G131: 46198 | H131: 0 | I131: COSCO | J131: SHANGHAI | K131: LONG BEACH | L131: 6880 | M131: 0 | N131: 0 | O131: =SUM(L131:N131) -> 6880 | R131: EDO DE CUENTA | S131: TARIFAS
...

Sheet RAMON BETECH
L1: =(SUM(J3:J143)+SUM(K3:K143))-SUM(O4:O15) -> -1631.37
A2: REF/INV NO | B2: CUSTOMER | C2: CUSTOMER FOR | D2: CONTAINER | E2: ETD | F2: ETA | G2: SHIPPING LINE | H2: POL | I2: POD | J2: BILL AMT | K2: RAIL
A3: RABE-26001 | B3: RAMON BETECH | C3: RAMON BETECH | D3: TIIU5921960 | E3: 46052 | F3: 46082 | G3: COSCO | H3: XIAMEN | I3: HOUSTON | J3: 3310 | K3: 0 | L3: have paid to ML-CHINA | N3: DATE | O3: PAY
A4: REBE-26001 | B4: RAMON BETECH | C4: RAMON BETECH | D4: DRYU9793844 | E4: 46054 | F4: 46085 | G4: EMC | H4: SHEKOU | I4: LAZARO CARDENAS,MX | J4: 1150.49 | K4: 0 | L4: have paid to ML-CHINA | N4: 46079 | O4: 3310.49 | P4: have paid to ML-CHINA
A5: REBE-26003 | B5: RAMON BETECH | C5: RAMON BETECH-YOSEF | D5: BMOU6124757 | E5: 46064 | F5: 46099 | G5: MSC | H5: XIAMEN | I5: LAZARO CARDENAS,MX | J5: 1122 | K5: 0 | L5: have paid to ML-CHINA | N5: 46082 | O5: 2272 | P5: have paid to ML-CHINA
A6: REBE-26002 | B6: RAMON BETECH | C6: RAMON BETECH | D6: GCXU5646491 | E6: 46196 | F6: 46222 | G6: COSCO | H6: NINGBO | I6: LAZARO CARDENAS,RAIL-PANTACO(MEXICO CITY) | J6: =6900+145 -> 7045 | K6: 1850 | L6: 0 | N6: 46252 | O6: 18120.17
A7: REBE-26004 | B7: RAMON BETECH | C7: RAMON BETECH | D7: CSNU6588632 | E7: 46193 | F7: 46215 | G7: COSCO | H7: QINGDAO | I7: LAZARO CARDENAS,RAIL-PANTACO(MEXICO CITY) | J7: 6750 | K7: 1700 | L7: 0 | N7: 46255 | O7: 8756.2
A8: REBE-26005 | B8: RAMON BETECH | C8: RAMON BETECH | D8: OOCU6739200 | E8: 46210 | F8: 46243 | G8: COSCO | H8: NINGBO | I8: LAZARO CARDENAS,RAIL-PANTACO(MEXICO CITY) | J8: 6200 | K8: 1700 | L8: 0

Sheet GAS
M1: =SUM(M3:M40) -> 0
A2: REF/INV NO | B2: CUSTOMER | C2: CUSTOMER FOR | D2: BL | E2: CONTAINER | F2: ETD | G2: ETA | H2: SHIPPING LINE | I2: POL | J2: POD | K2: TOTAL COST | L2: INSURANCE | M2: BILL AMT
O3: DATE | P3: PAY

Sheet SMEKE
M2: =SUM(M4:M41) -> 0
A3: REF/INV NO | B3: CUSTOMER | C3: CUSTOMER FOR | D3: BL | E3: CONTAINER | F3: ETD | G3: ETA | H3: SHIPPING LINE | I3: POL | J3: POD | K3: TOTAL COST | L3: INSURANCE | M3: BILL AMT

Sheet ABY ASSA
N1: =SUM(M3:M25)-SUM(Q3:Q5) -> 0
A2: REF/INV NO | B2: CUSTOMER | C2: CUSTOMER FOR | D2: CONTAINER | E2: ETD | F2: ETA | G2: Update ETA | H2: SHIPPING LINE | I2: POL | J2: POD | K2: TOTAL COST | L2: PREVIO | M2: BILL AMT | P2: DATE | Q2: PAY
X13: 0
O20: ' '

Sheet SUPRA
N1: =SUM(N3:N30)-(SUM(Q4:Q15)) -> 0
A2: REF/INV NO | B2: CUSTOMER | C2: CUSTOMER FOR | D2: BL | E2: CONTAINER | F2: ETD | G2: ETA | H2: SHIPPING LINE | I2: POL | J2: POD | K2: TOTAL COST | L2: INSURANCE | M2: PREVIO | N2: BILL AMT
P3: DATE | Q3: PAY

Sheet GLAM
P1: =SUM(O3:O119) -> 8280
A2: REF/INV NO | B2: EMPRESA | C2: CUSTOMER | D2: CUSTOMER FOR | E2: CONTAINER | F2: ETD | G2: ETA | H2: SHIPPING LINE | I2: POL | J2: POD | K2: TOTAL COST | L2: PREVIO / INSURANCE | M2: EXW FEE | N2: BILL AMT
A3: AASZ-26007 | B3: GLAMUR | C3: Beto Sidauy | D3: ISAMAR | E3: TIIU6046087 | F3: 46128 | G3: 46150 | H3: EMC | I3: NINGBO | J3: LAZARO CARDENAS,MX | K3: 3050 | L3: 280 | M3: 950 | N3: =K3+M3+L3 -> 4280 | O3: 0 | Q3: DATE | R3: PAY
A4: AASZ-26008 | B4: GLAMUR | C4: Beto Sidauy | D4: ISAMAR | E4: EITU9193239 | F4: 46150 | G4: 46169 | H4: EMC | I4: NINGBO | J4: LAZARO CARDENAS,MX | K4: 3400 | L4: 280 | M4: 0 | N4: =K4+M4+L4 -> 3680 | O4: 0 | Q4: 46177 | R4: 7960
A5: AASZ-26009 | B5: GLAMUR | C5: Beto Sidauy | D5: ISAMAR | E5: CSNU7862049 | F5: 46214 | G5: 46245 | H5: COSCO | I5: SHANGHAI | J5: LAZARO CARDENAS,MX | K5: 5900 | L5: 280 | M5: 0 | N5: =K5+M5+L5 -> 6180 | O5: 0 | Q5: 46283 | R5: 11910
A6: AASZ-26012 | B6: GLAMUR | C6: Beto Sidauy | D6: ISAMAR | E6: CAAU6154492 | F6: 46235 | G6: 46271 | H6: COSCO | I6: SHANGHAI | J6: LAZARO CARDENAS,MX | K6: 5450 | L6: 280 | M6: 0 | N6: =K6+M6+L6 -> 5730 | O6: 0
A7: AASZ-26016 | B7: GLAMUR | C7: Beto Sidauy | D7: ISAMAR | E7: OOCU6276039 | F7: 46274 | G7: 46297 | H7: OOCL | I7: SHANGHAI | J7: LAZARO CARDENAS,MX | K7: 8000 | L7: 280 | M7: 0 | N7: =K7+M7+L7 -> 8280 | O7: 8280

Sheet AASZ 
P1: =SUM(O3:O124) -> 36400
A2: REF/INV NO | B2: EMPRESA | C2: CUSTOMER | D2: CUSTOMER FOR | E2: CONTAINER | F2: ETD | G2: ETA | H2: SHIPPING LINE | I2: POL | J2: POD | K2: TOTAL COST | L2: PREVIO / INSURANCE | M2: EXW FEE | N2: BILL AMT
A3: AASZ-26001 | B3: SIRO | C3: Beto Sidauy | D3: ISAMAR | E3: DFSU7503090 | F3: 46033 | G3: 46056 | H3: ONE | I3: NINGBO | J3: LAZARO CARDENAS,MX | K3: 1600 | L3: 280 | M3: 0 | N3: =K3+L3+M3 -> 1880 | O3: 0 | Q3: DATE | R3: PAY
A4: AASZ-26002 | B4: SIRO | C4: Beto Sidauy | D4: ISAMAR | E4: TLLU5691811 | F4: 46033 | G4: 46056 | H4: ONE | I4: NINGBO | J4: LAZARO CARDENAS,MX | K4: 1600 | L4: 280 | M4: 0 | N4: =K4+M4+L4 -> 1880 | O4: 0 | Q4: 46216 | R4: 14180
A5: AASZ-26003 | B5: SIRO | C5: Beto Sidauy | D5: ISAMAR | E5: MSDU5448153 | F5: 46048 | G5: 46073 | H5: MSC | I5: NINGBO | J5: LAZARO CARDENAS,MX | K5: 1450 | L5: 280 | M5: 0 | N5: =K5+M5+L5 -> 1730 | O5: 0 | Q5: 46282 | R5: 18190
A6: AASZ-26004 | B6: SIRO | C6: Beto Sidauy | D6: ISAMAR | E6: MSMU6965096 | F6: 46050 | G6: 46084 | H6: MSC | I6: XIAMEN | J6: LAZARO CARDENAS,MX | K6: 1450 | L6: 280 | M6: 0 | N6: =K6+M6+L6 -> 1730 | O6: 0
A7: AASZ-26005 | B7: SIRO | C7: Beto Sidauy | D7: ISAMAR | E7: EGSU9354110 | F7: 46129 | G7: 46150 | H7: EMC | I7: NINGBO | J7: LAZARO CARDENAS,MX | K7: 3050 | L7: 280 | M7: 0 | N7: =K7+M7+L7 -> 3330 | O7: 0
A8: AASZ-26006 | B8: SIRO | C8: Beto Sidauy | D8: ISAMAR | E8: TGCU5109694 | F8: 46127 | G8: 46155 | H8: MSC | I8: XIAMEN | J8: LAZARO CARDENAS,MX | K8: 3350 | L8: 280 | M8: 0 | N8: =K8+M8+L8 -> 3630 | O8: 0
A9: AASZ-26010 | B9: SIRO | C9: Beto Sidauy | D9: ISAMAR | E9: EITU9553269 | F9: 46205 | G9: 46229 | H9: EMC | I9: NINGBO | J9: LAZARO CARDENAS,MX | K9: 6300 | L9: 280 | M9: 0 | N9: =K9+M9+L9 -> 6580 | O9: 0
A10: AASZ-26011 | B10: SIRO | C10: Beto Sidauy | D10: ISAMAR | E10: EGHU9832046 | F10: 46212 | G10: 46245 | H10: EMC | I10: NINGBO | J10: LAZARO CARDENAS,MX | K10: 5800 | L10: 280 | M10: 0 | N10: =K10+M10+L10 -> 6080 | O10: 0
A11: AASZ-26013 | B11: SIRO | C11: Beto Sidauy | D11: ISAMAR | E11: MSMU3695058 | F11: 46241 | G11: 46287 | H11: MSC | I11: SHENZHEN | J11: LAZARO CARDENAS,MX | K11: 5250 | L11: 280 | M11: 0 | N11: =K11+M11+L11 -> 5530 | O11: 0
A12: AASZ-26014 | B12: SIRO | C12: Beto Sidauy | D12: ISAMAR | E12: TGBU9603757 | F12: 46239 | G12: 46269 | H12: MSC | I12: XIAMEN | J12: LAZARO CARDENAS,MX | K12: 5700 | L12: 280 | M12: 0 | N12: =K12+M12+L12 -> 5980 | O12: 5980
A13: AASZ-26015 | B13: SIRO | C13: Beto Sidauy | D13: ISAMAR | E13: MSNU2610548 | F13: 46253 | G13: 46287 | H13: MSC | I13: XIAMEN | J13: LAZARO CARDENAS,MX | K13: 6650 | L13: 280 | M13: 0 | N13: =K13+M13+L13 -> 6930 | O13: 6930
A14: AASZ-26017 | B14: SIRO | C14: Beto Sidauy | D14: ISAMAR | E14: MRSU7398891 | F14: 46257 | G14: 46288 | H14: MSK | I14: XIAMEN | J14: LAZARO CARDENAS,MX | K14: 7600 | L14: 280 | M14: 0 | N14: =K14+M14+L14 -> 7880 | O14: 7880
A15: AASZ-26018 | B15: SIRO | C15: Beto Sidauy | D15: ISAMAR | E15: CSGU6547803 | F15: 46254 | G15: 46289 | H15: OOCL | I15: NINGBO | J15: LAZARO CARDENAS,MX | K15: 7500 | L15: 280 | M15: 0 | N15: =K15+M15+L15 -> 7780 | O15: 7780
A16: AASZ-26019 | B16: SIRO | C16: Beto Sidauy | D16: ISAMAR | E16: RFCU4032296 | F16: 46255 | G16: 46299 | H16: MSC | I16: NINGBO | J16: LAZARO CARDENAS,MX | K16: 7550 | L16: 280 | M16: 0 | N16: =K16+M16+L16 -> 7830 | O16: 7830

Sheet LU
N1: =(SUM(M3:M113)-SUM(Q4:Q120)) -> 0
A2: REF/INV NO | B2: CUSTOMER | C2: CUSTOMER FOR | D2: CONTAINER | E2: ETD | F2: ETA | G2: SHIPPING LINE | H2: POL | I2: POD | J2: TOTAL COST | K2: RAIL | L2: PREVIO | M2: BILL AMT
A3: LU-26001 | B3: LUIS//LILY VARGAS | C3: DAGVALA LOGISTICA ADUANAL, S.A. DE C.V. | D3: MEDU9378530 | E3: 46134 | F3: 46159 | G3: MSC | H3: SHANGHAI | I3: PANTACO | J3: 3100 | K3: 1850 | L3: 0 | M3: =SUM(J3:L3) -> 4950 | N3: 0 | P3: DATE | Q3: PAY
A4: LU-26002 | B4: LUIS//LILY VARGAS | C4: MAQUILADORA ADALI SA DE CV | D4: EMCU8666182 | E4: 46151 | F4: 46176 | G4: EMC | H4: SHANGHAI | I4: LAZARO CARDENAS,MX | J4: 3350 | K4: 0 | L4: 0 | M4: =SUM(J4:L4) -> 3350 | N4: 0 | P4: 46210 | Q4: 13300
A5: LU-26003 | B5: LUIS//LILY VARGAS | C5: MAQUILADORA ADALI SA DE CV | D5: TGCU5481037 | E5: 46172 | F5: 46190 | G5: COSCO | H5: SHANGHAI | I5: LAZARO CARDENAS,MX | J5: 5000 | K5: 0 | L5: 0 | M5: =SUM(J5:L5) -> 5000 | N5: 0

Sheet GE
M1: =SUM(M3:M23)-SUM(P4:P22) -> 0
A2: REF/INV NO | B2: CUSTOMER | C2: CUSTOMER FOR | D2: BL | E2: CONTAINER | F2: ETD | G2: ETA | H2: SHIPPING LINE | I2: POL | J2: POD | K2: TOTAL COST | L2: PREVIO / INSURANCE | M2: BILL AMT
O3: DATE | P3: PAY

Sheet ABRAHAM
K1: =K3-N4 -> 0
A2: REF/INV NO | B2: CUSTOMER FOR | C2: CUSTOMER | D2: BL | E2: CONTAINER | F2: ETD | G2: ETA | H2: SHIPPING LINE | I2: POL | J2: POD | K2: BILL AMT
M3: DATE | N3: PAY

Sheet M
O1: =SUM(N3:N319) -> 0
A2: REF/INV NO | B2: CUSTOMER | C2: CUSTOMER FOR | D2: BL | E2: CONTAINER | F2: ETD | G2: ETA | H2: SHIPPING LINE | I2: POL | J2: POD | K2: TOTAL COST | L2: PREVIO / INSURANCE | M2: BILL AMT
P3: DATE | Q3: PAY

Sheet MARIO EMILIANO
O1: =SUM(N3:N313) -> 0
A2: REF/INV NO | B2: CUSTOMER | C2: CUSTOMER FOR | D2: BL | E2: CONTAINER | F2: ETD | G2: ETA | H2: SHIPPING LINE | I2: POL | J2: POD | K2: TOTAL COST | L2: PREVIO / INSURANCE | M2: BILL AMT
P3: DATE | Q3: PAY

Sheet BENA
O1: =SUM(M3:M116)-SUM(Q4:Q6) -> 3312.25
A2: REF/INV NO | B2: CUSTOMER | C2: CUSTOMER FOR | D2: CONTAINER | E2: ETD | F2: ETA | G2: SHIPPING LINE | H2: POL | I2: POD | J2: TOTAL COST | K2: RAIL | L2: PREVIO / INSURANCE | M2: BILL AMT
A3: BENA-26003 | B3: DAVID BENAVIDES | C3: MARKETER | D3: TGBU5595648 | E3: 46062 | F3: 46093 | G3: MSC | H3: NINGBO | I3: LAZARO CARDENAS,MX | J3: 2200 | K3: 0 | L3: 0 | M3: =SUM(J3:L3) -> 2200 | N3: 0 | P3: DATE | Q3: PAY
A4: BENA-26004 | B4: DAVID BENAVIDES | C4: MARKETER BREXXIAN GROUP, S.A. DE C.V | D4: OOCU6104209 | E4: 46133 | F4: 46159 | G4: COSCO | H4: NINGBO | I4: LAZARO CARDENAS,RAIL-PANTACO(MEXICO CITY) | J4: 2900 | K4: 1700 | L4: 100 | M4: =SUM(J4:L4) -> 4700 | N4: 0 | P4: 46185 | Q4: 11800
A5: BENA-26005 | B5: DAVID BENAVIDES | C5: MARKETER | D5: CBHU9516406 | E5: 46142 | F5: 46170 | G5: COSCO | H5: KAOHSIUNG | I5: LAZARO CARDENAS,RAIL-PANTACO(MEXICO CITY) | J5: 3200 | K5: 1700 | L5: 0 | M5: =SUM(J5:L5) -> 4900 | N5: 0 | P5: 46212 | Q5: 16767.75
A6: BENA-26006 | B6: DAVID BENAVIDES | C6: BENA | D6: TIIU4943835 | E6: 46156 | F6: 46176 | G6: EMC | H6: NINGBO | I6: LAZARO CARDENAS,MX | J6: 3650 | K6: 0 | L6: 100 | M6: =SUM(J6:L6) -> 3750 | N6: 0
A7: BENA-26007 | B7: DAVID BENAVIDES | C7: BENA | D7: EMCU8859284 | E7: 46156 | F7: 46176 | G7: EMC | H7: NINGBO | I7: LAZARO CARDENAS,MX | J7: 3650 | K7: 0 | L7: 100 | M7: =SUM(J7:L7) -> 3750 | N7: 0
A8: BENA2-26001 | B8: DAVID BENAVIDES | C8: COMERCIO PANTEGAL S.A. DE C.V | D8: MSMU8552050 | E8: 46174 | F8: 46201 | G8: MSC | H8: NINGBO | I8: LAZARO CARDENAS,MX | J8: 5500 | K8: 0 | L8: 280 | M8: =SUM(J8:L8) -> 5780 | N8: 0
A9: BENA-26008 | B9: DAVID BENAVIDES | C9: MARKETER | D9: CCLU7616957 | E9: 46168 | F9: 46203 | G9: COSCO | H9: NINGBO | I9: LAZARO CARDENAS,RAIL-PANTACO(MEXICO CITY) | J9: 5000 | K9: 1700 | L9: 100 | M9: =SUM(J9:L9) -> 6800 | N9: 3312.25

Sheet JIV
O1: =SUM(N3:N120) -> 0
A2: REF/INV NO | B2: CUSTOMER | C2: CUSTOMER FOR | D2: CONTAINER | E2: ETD | F2: ETA | G2: SHIPPING LINE | H2: POL | I2: POD | J2: TOTAL COST | K2: RAIL | L2: PREVIO / INSURANCE | M2: BILL AMT | P2: DATE | Q2: PAY
A3: JISA-26007 | B3: JIMMY SAMPSON | C3: JIV PIECE MARKETER SA DE CV | D3: HMMU6802955 | E3: 46033 | F3: 46056 | G3: HMM | H3: NINGBO | I3: LAZARO CARDENAS,MX | J3: 1500 | L3: 100 | M3: =J3+L3 -> 1600 | N3: 0 | P3: 46069 | Q3: 1650
A4: JISA-26008 | B4: JIMMY SAMPSON | C4: JIV PIECE MARKETER SA DE CV | D4: KOCU5084778 | E4: 46035 | F4: 46056 | G4: HMM | H4: SHANGHAI | I4: LAZARO CARDENAS,MX | J4: 1500 | L4: 100 | M4: =J4+L4 -> 1600 | N4: 0 | P4: 46070 | Q4: 1700
A5: JISA-26011 | B5: JIMMY SAMPSON | C5: JIV PIECE MARKETER SA DE CV | D5: MAGU5385717 | E5: 46046 | F5: 46071 | G5: EMC | H5: SHANGHAI | I5: LAZARO CARDENAS,MX | J5: 1550 | L5: 100 | M5: =SUM(J5:L5) -> 1650 | N5: 0 | P5: 46070 | Q5: 1700
A6: JISA-26012 | B6: JIMMY SAMPSON | C6: JIV PIECE MARKETER SA DE CV | D6: TRHU4788733 | E6: 46054 | F6: 46078 | G6: ONE | H6: NINGBO | I6: LAZARO CARDENAS,MX | J6: 1400 | L6: 100 | M6: =J6+L6 -> 1500 | N6: 0 | P6: 46116 | Q6: 1500
A7: JISA-26013 | B7: JIMMY SAMPSON | C7: JIV PIECE MARKETER SA DE CV | D7: ONEU6191180 | E7: 46054 | F7: 46078 | G7: ONE | H7: NINGBO | I7: LAZARO CARDENAS,MX | J7: 1400 | L7: 100 | M7: =J7+L7 -> 1500 | N7: 0 | P7: 46116 | Q7: 1500
A8: JISA-26015 | B8: JIMMY SAMPSON | C8: JIV PIECE MARKETER SA DE CV | D8: TGBU9760653 | E8: 46054 | F8: 46078 | G8: EMC | H8: SHENZHEN | I8: LAZARO CARDENAS,MX | J8: 1350 | L8: 100 | M8: =J8+L8 -> 1450 | N8: 0 | P8: 46116 | Q8: 1500
A9: JISA-26014 | B9: JIMMY SAMPSON | C9: JIV PIECE MARKETER SA DE CV | D9: ONEU6827749 | E9: 46054 | F9: 46078 | G9: ONE | H9: NINGBO | I9: LAZARO CARDENAS,MX | J9: 1400 | L9: 100 | M9: =J9+L9 -> 1500 | N9: 0 | P9: 46116 | Q9: 1450
A10: JISA-26017 | B10: JIMMY SAMPSON | C10: JIV PIECE MARKETER SA DE CV | D10: BEAU5348038 | E10: 46054 | F10: 46084 | G10: ONE | H10: NINGBO | I10: LAZARO CARDENAS,MX | J10: 1400 | L10: 100 | M10: =J10+L10 -> 1500 | N10: 0 | P10: 46116 | Q10: 1500
A11: JISA-26018 | B11: JIMMY SAMPSON | C11: JIV PIECE MARKETER SA DE CV | D11: TRHU4970408 | E11: 46054 | F11: 46084 | G11: ONE | H11: NINGBO | I11: LAZARO CARDENAS,MX | J11: 1400 | L11: 100 | M11: =J11+L11 -> 1500 | N11: 0 | P11: 46116 | Q11: 1500
A12: JISA-26019 | B12: JIMMY SAMPSON | C12: JIV PIECE MARKETER SA DE CV | D12: KOCU4693110 | E12: 46056 | F12: 46084 | G12: HMM | H12: SHANGHAI | I12: LAZARO CARDENAS,MX | J12: 1650 | L12: 100 | M12: =J12+L12 -> 1750 | N12: 0 | P12: 46116 | Q12: 1750
A13: JISA-26030 | B13: JIMMY SAMPSON | C13: JIV PIECE MARKETER SA DE CV | D13: FFAU6714559 | E13: 46117 | F13: 46086 | G13: ONE | H13: NINGBO | I13: MANZANILLO, ALL RAIL TO MEXICO CITY | J13: 3250 | K13: 1600 | L13: 100 | M13: =SUM(J13:L13) -> 4950 | N13: 0 | P13: 46122 | Q13: 1500
A14: JISA-26021 | B14: JIMMY SAMPSON | C14: JIV PIECE MARKETER SA DE CV | D14: ONEU6325925 | E14: 46061 | F14: 46091 | G14: ONE | H14: NINGBO | I14: LAZARO CARDENAS,MX | J14: 1400 | L14: 100 | M14: =SUM(J14:L14) -> 1500 | N14: 0 | P14: 46122 | Q14: 1500
A15: JISA-26022 | B15: JIMMY SAMPSON | C15: JIV PIECE MARKETER SA DE CV | D15: ONEU7652440 | E15: 46061 | F15: 46091 | G15: ONE | H15: NINGBO | I15: LAZARO CARDENAS,MX | J15: 1400 | L15: 100 | M15: =SUM(J15:L15) -> 1500 | N15: 0 | P15: 46140 | Q15: 4950
A16: JISA-26016 | B16: JIMMY SAMPSON | C16: JIV PIECE MARKETER SA DE CV | D16: MRSU9479626 | E16: 46060 | F16: 46092 | G16: MSK | H16: QINGDAO | I16: LAZARO CARDENAS,MX | J16: 1400 | L16: 100 | M16: =SUM(J16:L16) -> 1500 | N16: 0 | P16: 46140 | Q16: 4950
A17: JISA-26029 | B17: JIMMY SAMPSON | C17: JIV PIECE MARKETER SA DE CV | D17: HMMU6364653 | E17: 46110 | F17: 46133 | G17: HMM | H17: NINGBO | I17: MANZANILLO, ALL RAIL TO MEXICO CITY | J17: 3150 | K17: 1600 | L17: 100 | M17: =SUM(J17:L17) -> 4850 | N17: 0 | P17: 46140 | Q17: 4950
A18: JISA-26031 | B18: JIMMY SAMPSON | C18: JIV PIECE MARKETER SA DE CV | D18: MTSU9602760 | E18: 46117 | F18: 46142 | G18: ONE | H18: NINGBO | I18: MANZANILLO, ALL RAIL TO MEXICO CITY | J18: 3250 | K18: 1600 | L18: 100 | M18: =SUM(J18:L18) -> 4950 | N18: 0 | P18: 46140 | Q18: 5100
A19: JISA-26032 | B19: JIMMY SAMPSON | C19: JIV PIECE MARKETER SA DE CV | D19: BEAU5355802 | E19: 46117 | F19: 46142 | G19: ONE | H19: NINGBO | I19: MANZANILLO, ALL RAIL TO MEXICO CITY | J19: 3250 | K19: 1600 | L19: 100 | M19: =SUM(J19:L19) -> 4950 | N19: 0 | P19: 46140 | Q19: 4850
A20: JISA-26033 | B20: JIMMY SAMPSON | C20: JIV PIECE MARKETER SA DE CV | D20: ONEU0012100 | E20: 46117 | F20: 46142 | G20: ONE | H20: NINGBO | I20: MANZANILLO, ALL RAIL TO MEXICO CITY | J20: 3250 | K20: 1600 | L20: 100 | M20: =SUM(J20:L20) -> 4950 | N20: 0 | P20: 46140 | Q20: 4950
A21: JISA-26034 | B21: JIMMY SAMPSON | C21: JIV PIECE MARKETER SA DE CV | D21: ONEU5656359 | E21: 46117 | F21: 46142 | G21: ONE | H21: NINGBO | I21: MANZANILLO, ALL RAIL TO MEXICO CITY | J21: 3250 | K21: 1600 | L21: 100 | M21: =SUM(J21:L21) -> 4950 | N21: 0 | P21: 46140 | Q21: 4950
A22: JISA-26036 | B22: JIMMY SAMPSON | C22: JIV PIECE MARKETER SA DE CV | D22: FFAU6757442 | E22: 46117 | F22: 46142 | G22: ONE | H22: NINGBO | I22: MANZANILLO, ALL RAIL TO MEXICO CITY | J22: 3250 | K22: 1600 | L22: 100 | M22: =SUM(J22:L22) -> 4950 | N22: 0 | P22: 46140 | Q22: 4950
A23: JISA-26027 | B23: JIMMY SAMPSON | C23: JIV PIECE MARKETER SA DE CV | D23: TIIU4001904 | E23: 46113 | F23: 41395 | G23: MSC | H23: SHANGHAI | I23: MANZANILLO, ALL RAIL TO MEXICO CITY | J23: =3400 -> 3400 | K23: 1600 | L23: 100 | M23: =SUM(J23:L23) -> 5100 | N23: 0 | P23: 46164 | Q23: 4900
A24: JISA-26028 | B24: JIMMY SAMPSON | C24: JIV PIECE MARKETER SA DE CV | D24: MSNU5446865 | E24: 46134 | F24: 46160 | G24: MSC | H24: SHANGHAI | I24: MANZANILLO, ALL RAIL TO MEXICO CITY | J24: 3100 | K24: 1700 | L24: 100 | M24: =SUM(J24:L24) -> 4900 | N24: 0 | P24: 46191 | Q24: 3500
A25: JISA-26045 | B25: JIMMY SAMPSON | C25: JIV PIECE MARKETER SA DE CV | D25: FFAU1529650 | E25: 46144 | F25: 46162 | G25: EMC | H25: SHANGHAI | I25: LAZARO CARDENAS,MX | J25: 3400 | K25: 0 | L25: 100 | M25: =SUM(J25:L25) -> 3500 | N25: 0 | P25: 46268 | Q25: 1300

Sheet BH
L1: =(SUM(L3:L114)-SUM(P4:P119)) -> 73800
A2: REF/INV NO | B2: CUSTOMER FOR | C2: CUSTOMER | D2: CONTAINER | E2: ETD | F2: ETA | G2: SHIPPING LINE | H2: POL | I2: POD | J2: TOTAL COST | K2: PREVIO/ INSURANCE | L2: BILL AMT
A3: BH-26001 | B3: GAB MICH | C3: BH | D3: MSMU6218249 | E3: 46162 | F3: 46196 | G3: MSC | H3: XIAMEN | I3: LAZARO CARDENAS,MX | J3: 4250 | K3: 0 | L3: =J3+K3 -> 4250 | M3: 0 | O3: DATE | P3: PAY
A4: BH-26002 | B4: GAB MICH | C4: BH | D4: MEDU4952970 | E4: 46162 | F4: 46196 | G4: MSC | H4: XIAMEN | I4: LAZARO CARDENAS,MX | J4: 4250 | K4: 0 | L4: =J4+K4 -> 4250 | M4: 0 | O4: 46205 | P4: 14000
A5: BH-26003 | B5: GAB MICH | C5: BH | D5: TRHU7807483 | E5: 46169 | F5: 46210 | G5: MSC | H5: XIAMEN | I5: LAZARO CARDENAS,MX | J5: 5500 | K5: 0 | L5: =J5+K5 -> 5500 | M5: 0
A6: BH-26005 | B6: GAB MICH | C6: BH | D6: FFAU4283750 | E6: 46190 | F6: 46224 | G6: MSC | H6: XIAMEN | I6: LAZARO CARDENAS,MX | J6: =6950+180 -> 7130 | K6: 0 | L6: =J6+K6 -> 7130 | M6: 0 | O6: 46240 | P6: 14260
A7: BH-26006 | B7: GAB MICH | C7: BH | D7: MSMU5996765 | E7: 46190 | F7: 46224 | G7: MSC | H7: XIAMEN | I7: LAZARO CARDENAS,MX | J7: =6950+180 -> 7130 | K7: 0 | L7: =J7+K7 -> 7130 | M7: 0
A8: BH-26004 | B8: GAB MICH | C8: BH | D8: MSNU7441369 | E8: 46205 | F8: 46240 | G8: MSC | H8: XIAMEN | I8: LAZARO CARDENAS,MX | J8: 6950 | K8: 180 | L8: =J8+K8 -> 7130 | M8: =L8 -> 7130
A9: BH-26007 | B9: GAB MICH | C9: BH | D9: MSMU7995942 | E9: 46197 | F9: 46231 | G9: MSC | H9: XIAMEN | I9: LAZARO CARDENAS,MX | J9: 6950 | K9: 180 | L9: =J9+K9 -> 7130 | M9: =L9 -> 7130
A10: BH-26008 | B10: GAB MICH | C10: BH | D10: MSNU7420108 | E10: 46197 | F10: 46231 | G10: MSC | H10: XIAMEN | I10: LAZARO CARDENAS,MX | J10: 6950 | K10: 180 | L10: =J10+K10 -> 7130 | M10: =L10 -> 7130
A11: BH-26009 | B11: GAB MICH | C11: BH | D11: MSMU5413596 | E11: 46225 | F11: 46259 | G11: MSC | H11: XIAMEN | I11: LAZARO CARDENAS,MX | J11: 5200 | K11: 0 | L11: =J11+K11 -> 5200 | M11: =L11 -> 5200
A12: BH-26010 | B12: GAB MICH | C12: BH | D12: TGBU5452420 | E12: 46232 | F12: 46266 | G12: MSC | H12: XIAMEN | I12: LAZARO CARDENAS,MX | J12: 5000 | K12: 180 | L12: =J12+K12 -> 5180 | M12: =L12 -> 5180
A13: BH-26011 | B13: GAB MICH | C13: BH | D13: BMOU4654275 | E13: 46246 | F13: 46285 | G13: MSC | H13: XIAMEN | I13: LAZARO CARDENAS,MX | J13: 6550 | K13: 180 | L13: =J13+K13 -> 6730 | M13: =L13 -> 6730
A14: BH-26012 | B14: GAB MICH | C14: BH | D14: FSCU8571047 | E14: 46239 | F14: 46273 | G14: ONE | H14: XIAMEN | I14: LAZARO CARDENAS,MX | J14: 5600 | K14: 180 | L14: =J14+K14 -> 5780 | M14: =L14 -> 5780
A15: BH-26013 | B15: GAB MICH | C15: BH | D15: MRSU8093834 | E15: 46258 | F15: 46288 | G15: MSK | H15: XIAMEN | I15: LAZARO CARDENAS,MX | J15: 7600 | K15: 180 | L15: =J15+K15 -> 7780 | M15: =L15 -> 7780
A16: BH-26014 | B16: GAB MICH | C16: BH | D16: MRSU5907367 | E16: 46258 | F16: 46288 | G16: MSK | H16: XIAMEN | I16: LAZARO CARDENAS,MX | J16: 7600 | K16: 180 | L16: =J16+K16 -> 7780 | M16: =L16 -> 7780
A17: BH-26015 | B17: GAB MICH | C17: GAB MICH | D17: TCNU1575303 | E17: 46274 | F17: 46308 | G17: MSC | H17: XIAMEN | I17: LAZARO CARDENAS,MX | J17: 7650 | K17: 180 | L17: =J17+K17 -> 7830 | M17: =L17 -> 7830
A18: BH-26016 | B18: GAB MICH | C18: BH | D18: MEDU9486719 | E18: 46295 | F18: 46331 | G18: MSC | H18: XIAMEN | I18: LAZARO CARDENAS,MX | J18: 5950 | K18: 180 | L18: =J18+K18 -> 6130 | M18: =L18 -> 6130

Sheet INA
N1: =SUM(M3:M116) -> 0
A2: REF/INV NO | B2: CUSTOMER | C2: CUSTOMER FOR | D2: CONTAINER | E2: ETD | F2: ETA | G2: SHIPPING LINE | H2: POL | I2: POD | J2: TOTAL COST | K2: PREVIO / INSURANCE | L2: BILL AMT
A3: INA-26001 | B3: ISAAC NEHMAD | C3: Soluciones ecológicas renovables s de rl de cv | D3: MSDU8355795 | E3: 46059 | F3: 46091 | G3: MSC | H3: SHEKOU | I3: LAZARO CARDENAS,MX | J3: 2250 | K3: 0 | L3: =SUM(J3:K3) -> 2250 | M3: 0 | O3: DATE | P3: PAY
O4: 46157 | P4: 2250

Sheet MNS
N1: =SUM(M3:M124)-SUM(P4:P24) -> 66680
A2: REF/INV NO | B2: CUSTOMER | C2: CUSTOMER FOR | D2: CONTAINER | E2: ETD | F2: ETA | G2: SHIPPING LINE | H2: POL | I2: POD | J2: TOTAL COST | K2: PREVIO / INSURANCE | L2: OTHER COST | M2: BILL AMT
A3: MNS-26001 | B3: GABI KON | C3: MNS | D3: FANU3808679 | E3: 46221 | F3: 46246 | G3: HPL | H3: NINGBO | I3: LB- LAREDO | J3: 10300 | K3: 100 | L3: 110 | M3: =SUM(J3:L3) -> 10510 | O3: DATE | P3: PAY
A4: MNS-26002 | B4: GABI KON | C4: MNS | D4: HAMU2197927 | E4: 46227 | F4: 46243 | G4: HPL | H4: NINGBO | I4: LAZARO CARDENAS,MX | J4: 10100 | K4: 100 | L4: 110 | M4: =SUM(J4:L4) -> 10310 | O4: 46255 | P4: 60000
A5: MNS-26003 | B5: GABI KON | C5: MNS | D5: ONEU4802398 | E5: 46236 | F5: 46267 | G5: ONE | H5: NINGBO | I5: LAZARO CARDENAS,MX | J5: 9800 | K5: 100 | L5: 30 | M5: =SUM(J5:L5) -> 9930 | O5: 46269 | P5: 50000
A6: MNS-26004 | B6: GABI KON | C6: MNS | D6: FFAU8434475 | E6: 46236 | F6: 46259 | G6: HPL | H6: NINGBO | I6: LAZARO CARDENAS,MX | J6: 9800 | K6: 100 | L6: 30 | M6: =SUM(J6:L6) -> 9930 | O6: 46283 | P6: 40000
A7: MNS-26005 | B7: GABI KON | C7: MNS | D7: FFAU1717046 | E7: 46236 | F7: 46261 | G7: MSC | H7: NINGBO | I7: EL PASO | J7: 9100 | K7: 100 | L7: 0 | M7: =SUM(J7:L7) -> 9200
A8: MNS-26009 | B8: GABI KON | C8: MNS | D8: TCLU8220519 | E8: 46241 | F8: 46266 | G8: ONE | H8: NINGBO | I8: LB- LAREDO | J8: 9400 | K8: 100 | L8: 0 | M8: =SUM(J8:L8) -> 9500
A9: MNS-26010 | B9: GABI KON | C9: MNS | D9: ONEU1646687 | E9: 46248 | F9: 46273 | G9: ONE | H9: NINGBO | I9: LB- LAREDO | J9: 9400 | K9: 100 | L9: 30 | M9: =SUM(J9:L9) -> 9530
A10: MNS-26011 | B10: GABI KON | C10: MNS | D10: SDOU4726434 | E10: 46252 | F10: 46290 | G10: HPL | H10: TIANJI XINGANG | I10: EL PASO | J10: 8150 | K10: 100 | L10: 100 | M10: =SUM(J10:L10) -> 8350
A11: MNS-26012 | B11: GABI KON | C11: MNS | D11: ONEU1157011 | E11: 46248 | F11: 46273 | G11: ONE | H11: NINGBO | I11: LB- LAREDO | J11: 9400 | K11: 100 | L11: 100 | M11: =SUM(J11:L11) -> 9600
A12: MNS-26015 | B12: GABI KON | C12: MNS | D12: CAAU5080749 | E12: 46250 | F12: 46275 | G12: MSC | H12: NINGBO | I12: EL PASO | J12: 9100 | K12: 100 | L12: 0 | M12: =SUM(J12:L12) -> 9200
A13: MNS-26006 | B13: GABI KON | C13: MNS | D13: TXGU8395672 | E13: 46241 | F13: 46266 | G13: HPL | H13: NINGBO | I13: EL PASO | J13: 8850 | K13: 100 | L13: 0 | M13: =SUM(J13:L13) -> 8950
A14: MNS-26008 | B14: GABI KON | C14: MNS | D14: CAJU5884846 | E14: 46241 | F14: 46266 | G14: HPL | H14: NINGBO | I14: LB- LAREDO | J14: 8700 | K14: 100 | L14: 0 | M14: =SUM(J14:L14) -> 8800
A15: MNS-26007 | B15: GABI KON | C15: MNS | D15: MSDU6713077 | E15: 46259 | F15: 46299 | G15: MSC | H15: TIANJI | I15: LAREDO | J15: 6550 | K15: 100 | L15: 100 | M15: =SUM(J15:L15) -> 6750
A16: MNS-26013 | B16: GABI KON | C16: MNS | D16: UACU5729775 | E16: 46256 | F16: 46288 | G16: HPL | H16: NINGBO | I16: LAREDO | J16: 9400 | K16: 100 | L16: 0 | M16: =SUM(J16:L16) -> 9500
A17: MNS-26016 | B17: GABI KON | C17: MNS | D17: FFAU2015419 | E17: 46250 | F17: 46280 | G17: MSC | H17: NINGBO | I17: EL PASO | J17: 9100 | K17: 100 | L17: 110 | M17: =SUM(J17:L17) -> 9310
A18: MNS-26017 | B18: GABI KON | C18: MNS | D18: HAMU1934758 | E18: 46256 | F18: 46288 | G18: HPL | H18: NINGBO | I18: LAREDO | J18: 9400 | K18: 100 | L18: 30 | M18: =SUM(J18:L18) -> 9530
... A25: MNS-26021 | B25: GABI KON | C25: MNS | D25: CAAU5558669 | E25: 46290 | F25: 46344 | G25: HPL | H25: TIANJIN | I25: LB- LAREDO | J25: 11350 | K25: 100 | L25: 200 | M25: =SUM(J25:L25) -> 11650

Sheet LUCK
P1: =SUM(N3:N86)-SUM(R4:R22) -> 92057
A2: REF/INV NO | B2: CUSTOMER | C2: CUSTOMER FOR | D2: CONTAINER | E2: ETD | F2: ETA | G2: SHIPPING LINE | H2: POL | I2: POD | J2: TOTAL COST | K2: RAIL | L2: PREVIO / INSURANCE | M2: AMEND FEE | N2: BILL AMT
A3: JISA-26044 | B3: JIMMY SAMPSON | C3: Grupo Importador Luck SA de CV | D3: TRHU7650115 | E3: 46148 | F3: 46173 | G3: ONE | H3: NINGBO | I3: LAZARO CARDENAS,MX | J3: 3000 | K3: 0 | L3: 100 | M3: 0 | N3: =J3+K3+L3+M3 -> 3100 | O3: 0 | Q3: DATE | R3: PAY | W3: =A3 -> JISA-26044
A4: JISA-26046 | B4: JIMMY SAMPSON | C4: Grupo Importador Luck SA de CV | D4: ONEU1214282 | E4: 46148 | F4: 46173 | G4: ONE | H4: NINGBO | I4: LAZARO CARDENAS,MX | J4: 3000 | K4: 0 | L4: 100 | M4: 0 | N4: =J4+K4+L4+M4 -> 3100 | O4: 0 | Q4: 46244 | R4: 5250 | W4: =A4 -> JISA-26046
A5: JISA-26055 | B5: JIMMY SAMPSON | C5: Grupo Importador Luck SA de CV | D5: CAIU4724135 | E5: 46160 | F5: 46187 | G5: MSC | H5: NINGBO | I5: LAZARO CARDENAS,MX | J5: 4200 | K5: 0 | L5: 100 | M5: 0 | N5: =J5+K5+L5+M5 -> 4300 | O5: 0 | Q5: 46246 | R5: 6050 | W5: =A5 -> JISA-26055
A6: JISA-26056 | B6: JIMMY SAMPSON | C6: Grupo Importador Luck SA de CV | D6: TIIU6333657 | E6: 46161 | F6: 46189 | G6: HMM | H6: NINGBO | I6: LAZARO CARDENAS,MX | J6: 4150 | K6: 0 | L6: 100 | M6: 0 | N6: =J6+K6+L6+M6 -> 4250 | O6: 0 | Q6: 46239 | R6: 6750 | W6: =A6 -> JISA-26056
A7: JISA-26057 | B7: JIMMY SAMPSON | C7: Grupo Importador Luck SA de CV | D7: FSCU8840552 | E7: 46162 | F7: 46187 | G7: MSC | H7: SHANGHAI | I7: LAZARO CARDENAS,MX | J7: 4200 | K7: 0 | L7: 100 | M7: 0 | N7: =J7+K7+L7+M7 -> 4300 | O7: 0 | Q7: 46241 | R7: 7200 | W7: =A7 -> JISA-26057
A8: JISA-26064 | B8: JIMMY SAMPSON | C8: Grupo Importador Luck SA de CV | D8: MSDU5023523 | E8: 46167 | F8: 46194 | G8: MSC | H8: NINGBO | I8: LAZARO CARDENAS,MX | J8: 4600 | K8: 0 | L8: 100 | M8: 0 | N8: =J8+K8+L8+M8 -> 4700 | O8: =N8 -> 4700 | Q8: 46238 | R8: 7050 | W8: =A8 -> JISA-26064
A9: JISA-26065 | B9: JIMMY SAMPSON | C9: Grupo Importador Luck SA de CV | D9: BMOU5814167 | E9: 46167 | F9: 46194 | G9: MSC | H9: NINGBO | I9: LAZARO CARDENAS,MX | J9: 4600 | K9: 0 | L9: 100 | M9: 0 | N9: =J9+K9+L9+M9 -> 4700 | O9: =N9 -> 4700 | Q9: 46234 | R9: 6200 | W9: =A9 -> JISA-26065
A10: JISA-26061 | B10: JIMMY SAMPSON | C10: Grupo Importador Luck SA de CV | D10: TGBU5887465 | E10: 46168 | F10: 46210 | G10: HMM | H10: NINGBO | I10: LAZARO CARDENAS,MX | J10: 4550 | K10: 0 | L10: 100 | M10: 0 | N10: =J10+K10+L10+M10 -> 4650 | O10: 0 | Q10: 46234 | R10: 4650 | W10: =A10 -> JISA-26061
A11: JISA-26076 | B11: JIMMY SAMPSON | C11: GRUPO IMPORTADOR LUCK SA DE CV | D11: CSGU7013741 | E11: 46174 | F11: 46215 | G11: COSCO | H11: NINGBO | I11: LAZARO CARDENAS,MX | J11: 5150 | K11: 0 | L11: 100 | M11: 0 | N11: =J11+K11+L11+M11 -> 5250 | O11: 0 | Q11: 46248 | R11: 7050 | W11: =A11 -> JISA-26076
A12: JISA-26066 | B12: JIMMY SAMPSON | C12: GRUPO IMPORTADOR LUCK SA DE CV | D12: CAAU5071433 | E12: 46177 | F12: 46210 | G12: EMC | H12: NINGBO | I12: LAZARO CARDENAS,MX | J12: 6100 | K12: 0 | L12: 100 | M12: 0 | N12: =J12+K12+L12+M12 -> 6200 | O12: 0 | Q12: 46251 | R12: 3100 | W12: =A12 -> JISA-26066
A13: JISA-26070 | B13: JIMMY SAMPSON | C13: GRUPO IMPORTADOR LUCK SA DE CV | D13: HMMU6345355 | E13: 46182 | F13: 46217 | G13: HMM | H13: NINGBO | I13: LAZARO CARDENAS,MX | J13: 5950 | K13: 0 | L13: 100 | M13: 0 | N13: =J13+K13+L13+M13 -> 6050 | O13: 0 | Q13: 46244 | R13: 3100 | W13: =A13 -> JISA-26070
A14: JISA-26077 | B14: JIMMY SAMPSON | C14: GRUPO IMPORTADOR LUCK SA DE CV | D14: CBHU7072257 | E14: 46187 | F14: 46214 | G14: COSCO | H14: SHANGHAI | I14: LAZARO CARDENAS,MX | J14: 5800 | K14: 0 | L14: 100 | M14: 0 | N14: =J14+K14+L14+M14 -> 5900 | O14: 0 | Q14: 46202 | R14: 12850 | W14: =A14 -> JISA-26077
A15: JISA-26089 | B15: JIMMY SAMPSON | C15: GRUPO IMPORTADOR LUCK SA DE CV | D15: BEAU4248517 | E15: 46188 | F15: 46220 | G15: MSC | H15: NINGBO | I15: LAZARO CARDENAS,MX | J15: 6950 | K15: 0 | L15: 100 | M15: 0 | N15: =J15+K15+L15+M15 -> 7050 | O15: 0 | Q15: 46251 | R15: 5900 | W15: =A15 -> JISA-26089
A16: JISA-26084 | B16: JIMMY SAMPSON | C16: GRUPO IMPORTADOR LUCK SA DE CV | D16: TCKU6066710 | E16: 46191 | F16: 46215 | G16: EMC | H16: NINGBO | I16: LAZARO CARDENAS,MX | J16: 7100 | K16: 0 | L16: 100 | M16: 0 | N16: =J16+K16+L16+M16 -> 7200 | O16: 0 | Q16: 46259 | R16: 6000 | W16: =A16 -> JISA-26084
A17: JISA-26083 | B17: JIMMY SAMPSON | C17: GRUPO IMPORTADOR LUCK SA DE CV | D17: BEAU5732357 | E17: 46193 | F17: 46225 | G17: MSK | H17: QINGDAO | I17: LAZARO CARDENAS,MX | J17: 6650 | K17: 0 | L17: 100 | M17: 0 | N17: =J17+K17+L17+M17 -> 6750 | O17: 0 | Q17: 46259 | R17: 6300 | W17: =A17 -> JISA-26083
A18: JISA-26095 | B18: JIMMY SAMPSON | C18: GRUPO IMPORTADOR LUCK SA DE CV | D18: HMMU4823326 | E18: 46194 | F18: 46224 | G18: HMM | H18: NINGBO | I18: LAZARO CARDENAS,MX | J18: 6950 | K18: 0 | L18: 100 | M18: 0 | N18: =J18+K18+L18+M18 -> 7050 | O18: 0 | Q18: 46259 | R18: 6400 | W18: =A18 -> JISA-26095
A19: JISA-26101 | B19: JIMMY SAMPSON | C19: GRUPO IMPORTADOR LUCK SA DE CV | D19: CAIU7385837 | E19: 46203 | F19: 46233 | G19: HMM | H19: NINGBO | I19: MANZANILLO,MX | J19: 6950 | K19: 0 | L19: 100 | M19: 0 | N19: =SUM(J19:M19) -> 7050 | O19: 0 | Q19: 46283 | R19: 37950 | W19: =A19 -> JISA-26101
A20: JISA-26105 | B20: JIMMY SAMPSON | C20: GRUPO IMPORTADOR LUCK SA DE CV | D20: KOCU4795982 | E20: 46203 | F20: 46233 | G20: HMM | H20: NINGBO | I20: MANZANILLO,MX | J20: 6950 | K20: 0 | L20: 100 | M20: 0 | N20: =SUM(J20:M20) -> 7050 | O20: =N20-3050-3750 -> 250 | Q20: 46283 | R20: 3050 | W20: =A20 -> JISA-26105
A21: JISA-26102 | B21: JIMMY SAMPSON | C21: GRUPO IMPORTADOR LUCK SA DE CV | D21: CAAU7145181 | E21: 46206 | F21: 0 | G21: MSC | H21: NINGBO | I21: MANZANILLO,MX | J21: 6300 | K21: 0 | L21: 100 | M21: 0 | N21: =SUM(J21:M21) -> 6400 | O21: 0 | Q21: 46300 | R21: 3750 | W21: =A21 -> JISA-26102
A22: JISA-26107 | B22: JIMMY SAMPSON | C22: GRUPO IMPORTADOR LUCK SA DE CV | D22: HMMU6176358 | E22: 46208 | F22: 46240 | G22: HMM | H22: SHANGHAI | I22: LAZARO CARDENAS,MX | J22: 5850 | K22: 0 | L22: 100 | M22: 0 | N22: =SUM(J22:M22) -> 5950 | O22: 0 | Q22: 46304 | R22: 35200 | W22: =A22 -> JISA-26107
A23: JISA-26112 | B23: JIMMY SAMPSON | C23: GRUPO IMPORTADOR LUCK SA DE CV | D23: FFAU6087417 | E23: 46210 | F23: 46240 | G23: COSCO | H23: NINGBO | I23: LAZARO CARDENAS,MX | J23: 6200 | K23: 0 | L23: 100 | M23: 0 | N23: =J23+K23+L23+M23 -> 6300 | O23: 0 | W23: =A23 -> JISA-26112
A24: JISA-26114 | B24: JIMMY SAMPSON | C24: GRUPO IMPORTADOR LUCK SA DE CV | D24: BMOU6583817 | E24: 46210 | F24: 46274 | G24: MSC | H24: SHEKOU | I24: LAZARO CARDENAS,MX | J24: 6850 | K24: 0 | L24: 100 | M24: 657 | N24: =J24+K24+L24+M24 -> 7607 | O24: 757 | W24: =A24 -> JISA-26114
A25: JISA-26103 | B25: JIMMY SAMPSON | C25: GRUPO IMPORTADOR LUCK SA DE CV | D25: MEDU7790548 | E25: 46212 | F25: 46239 | G25: MSC | H25: NINGBO | I25: MANZANILLO,MX | J25: 5800 | K25: 0 | L25: 100 | M25: 0 | N25: =SUM(J25:M25) -> 5900 | O25: 0 | W25: =A25 -> JISA-26103
A26: JISA-26115 | B26: JIMMY SAMPSON | C26: GRUPO IMPORTADOR LUCK SA DE CV | D26: TGHU9706607 | E26: 46213 | F26: 46235 | G26: COSCO | H26: NINGBO | I26: MANZANILLO,MX | J26: 5900 | K26: 0 | L26: 100 | M26: 0 | N26: =J26+K26+L26+M26 -> 6000 | O26: 0 | W26: =A26 -> JISA-26115
A27: JISA-26109 | B27: JIMMY SAMPSON | C27: GRUPO IMPORTADOR LUCK SA DE CV | D27: FFAU3587337 | E27: 46213 | F27: 46235 | G27: COSCO | H27: NINGBO | I27: MANZANILLO,MX | J27: 5900 | K27: 0 | L27: 100 | M27: 0 | N27: =J27+K27+L27+M27 -> 6000 | O27: 0 | W27: =A27 -> JISA-26109
A28: JISA-26122 | B28: JIMMY SAMPSON | C28: GRUPO IMPORTADOR LUCK SA DE CV | D28: DRYU6010863 | E28: 46217 | F28: 46224 | G28: ONE | H28: NINGBO | I28: LAZARO CARDENAS,MX | J28: 5900 | K28: 0 | L28: 100 | M28: 0 | N28: =J28+K28+L28+M28 -> 6000 | O28: 0 | W28: =A28 -> JISA-26122
A29: JISA-26110 | B29: JIMMY SAMPSON | C29: GRUPO IMPORTADOR LUCK SA DE CV | D29: CSNU7460292 | E29: 46218 | F29: 46243 | G29: COSCO | H29: NINGBO | I29: MANZANILLO,MX | J29: 5500 | K29: 0 | L29: 100 | M29: 0 | N29: =J29+K29+L29+M29 -> 5600 | O29: =N29 -> 5600 | W29: =A29 -> JISA-26110
A30: JISA-26119 | B30: JIMMY SAMPSON | C30: GRUPO IMPORTADOR LUCK SA DE CV | D30: FCIU9525284 | E30: 46218 | F30: 46243 | G30: COSCO | H30: NINGBO | I30: MANZANILLO,MX | J30: 5500 | K30: 0 | L30: 100 | M30: 0 | N30: =J30+K30+L30+M30 -> 5600 | O30: 0 | W30: =A30 -> JISA-26119
A31: JISA-26120 | B31: JIMMY SAMPSON | C31: GRUPO IMPORTADOR LUCK SA DE CV | D31: CSNU6498729 | E31: 46218 | F31: 46243 | G31: COSCO | H31: NINGBO | I31: MANZANILLO,MX | J31: 5500 | K31: 0 | L31: 100 | M31: 0 | N31: =J31+K31+L31+M31 -> 5600 | O31: =N31 -> 5600 | W31: =A31 -> JISA-26120
A32: JISA-26121 | B32: JIMMY SAMPSON | C32: GRUPO IMPORTADOR LUCK SA DE CV | D32: OOLU9796745 | E32: 46224 | F32: 46263 | G32: COSCO | H32: NINGBO | I32: MANZANILLO,MX | J32: 5500 | K32: 0 | L32: 100 | M32: 0 | N32: =J32+K32+L32+M32 -> 5600 | O32: 0 | W32: =A32 -> JISA-26121
A33: JISA-26118 | B33: JIMMY SAMPSON | C33: GRUPO IMPORTADOR LUCK SA DE CV | D33: GAOU6747421 | E33: 46226 | F33: 46248 | G33: MSC | H33: NINGBO | I33: MANZANILLO,MX | J33: 5000 | K33: 0 | L33: 100 | M33: 0 | N33: =J33+K33+L33+M33 -> 5100 | O33: =N33 -> 5100 | W33: =A33 -> JISA-26118
A34: JISA-26123 | B34: JIMMY SAMPSON | C34: GRUPO IMPORTADOR LUCK SA DE CV | D34: TXGU8390135 | E34: 46233 | F34: 46259 | G34: MSC | H34: NINGBO | I34: MANZANILLO,MX | J34: 5000 | K34: 0 | L34: 100 | M34: 0 | N34: =J34+K34+L34+M34 -> 5100 | O34: =N34 -> 5100 | W34: =A34 -> JISA-26123
A35: JISA-26127 | B35: JIMMY SAMPSON | C35: GRUPO IMPORTADOR LUCK SA DE CV | D35: OOCU9485979 | E35: 46241 | F35: 46272 | G35: OOCL | H35: SHANGHAI | I35: LAZARO CARDENAS,MX | J35: 5700 | K35: 0 | L35: 100 | M35: 0 | N35: =J35+K35+L35+M35 -> 5800 | O35: 0 | W35: =A35 -> JISA-26127
A36: JISA-26126 | B36: JIMMY SAMPSON | C36: GRUPO IMPORTADOR LUCK SA DE CV | D36: JXLU6428700 | E36: 46243 | F36: 46268 | G36: ZIM | H36: NINGBO | I36: MANZANILLO,MX | J36: 6100 | K36: 0 | L36: 100 | M36: 0 | N36: =J36+K36+L36+M36 -> 6200 | O36: 0 | W36: =A36 -> JISA-26126
A37: JISA-26131 | B37: JIMMY SAMPSON | C37: GRUPO IMPORTADOR LUCK SA DE CV | D37: FCIU9592493 | E37: 46247 | F37: 46284 | G37: COSCO | H37: NINGBO | I37: MANZANILLO,MX | J37: 6000 | K37: 0 | L37: 100 | M37: 0 | N37: =J37+K37+L37+M37 -> 6100 | O37: 0 | W37: =A37 -> JISA-26131
A38: JISA-26135 | B38: JIMMY SAMPSON | C38: GRUPO IMPORTADOR LUCK SA DE CV | D38: FCIU9741410 | E38: 46248 | F38: 46284 | G38: COSCO | H38: NINGBO | I38: MANZANILLO,MX | J38: 6000 | K38: 0 | L38: 100 | M38: 0 | N38: =J38+K38+L38+M38 -> 6100 | O38: 0 | W38: =A38 -> JISA-26135
A39: JISA-26133 | B39: JIMMY SAMPSON | C39: GRUPO LUCK | D39: MSMU8945226 | E39: 46248 | F39: 46289 | G39: MSC | H39: NINGBO | I39: LAZARO CARDENAS,MX | J39: 6525 | K39: 0 | L39: 100 | M39: 25 | N39: =J39+K39+L39+M39 -> 6650 | O39: =N39 -> 6650 | W39: =A39 -> JISA-26133
A40: JISA-26136 | B40: JIMMY SAMPSON | C40: GRUPO LUCK | D40: MSNU7830416 | E40: 46248 | F40: 46289 | G40: MSC | H40: NINGBO | I40: LAZARO CARDENAS,MX | J40: 6525 | K40: 0 | L40: 100 | M40: 25 | N40: =J40+K40+L40+M40 -> 6650 | O40: =N40 -> 6650 | W40: =A40 -> JISA-26136
A41: JISA-26134 | B41: JIMMY SAMPSON | C41: GRUPO IMPORTADOR LUCK SA DE CV | D41: SELU4265729 | E41: 46250 | F41: 46295 | G41: COSCO | H41: PORT KLANG, MALAYSIA | I41: LAZARO CARDENAS,MX | J41: 6900 | K41: 0 | L41: 100 | M41: 0 | N41: =J41+K41+L41+M41 -> 7000 | O41: =N41 -> 7000 | W41: =A41 -> JISA-26134
A42: JISA-26137 | B42: JIMMY SAMPSON | C42: GRUPO LUCK | D42: UETU9365790 | E42: 46257 | F42: 46288 | G42: MSC | H42: SHANGHAI | I42: LAZARO CARDENAS,MX | J42: 8000 | K42: 0 | L42: 100 | M42: 0 | N42: =J42+K42+L42+M42 -> 8100 | O42: =N42 -> 8100 | W42: =A42 -> JISA-26137
A43: JISA-26142 | B43: JIMMY SAMPSON | C43: GRUPO IMPORTADOR LUCK SA DE CV | D43: HMMU6707161 | E43: 46265 | F43: 46289 | G43: HMM | H43: NINGBO | I43: MANZANILLO,MX | J43: 8150 | K43: 0 | L43: 100 | M43: 0 | N43: =J43+K43+L43+M43 -> 8250 | O43: =N43 -> 8250 | W43: =A43 -> JISA-26142
A44: JISA-26141 | B44: JIMMY SAMPSON | C44: GRUPO LUCK | D44: OOCU8163983 | E44: 46270 | F44: 46297 | G44: OOCL | H44: NINGBO | I44: LAZARO CARDENAS,MX | J44: 8050 | K44: 0 | L44: 100 | M44: 0 | N44: =J44+K44+L44+M44 -> 8150 | O44: =N44 -> 8150 | W44: =A44 -> JISA-26141
A45: JISA-26143 | B45: JIMMY SAMPSON | C45: GRUPO LUCK | D45: CSGU8020956 | E45: 46278 | F45: 46302 | G45: OOCL | H45: NINGBO | I45: LAZARO CARDENAS,MX | J45: 8050 | K45: 0 | L45: 100 | M45: 0 | N45: =J45+K45+L45+M45 -> 8150 | O45: =N45 -> 8150 | W45: =A45 -> JISA-26143
A46: JISA-26144 | B46: JIMMY SAMPSON | C46: GRUPO LUCK | D46: UETU7512870 | E46: 46283 | F46: 46308 | G46: COSCO | H46: NINGBO | I46: LAZARO CARDENAS,MX | J46: 7200 | K46: 0 | L46: 100 | M46: 0 | N46: =J46+K46+L46+M46 -> 7300 | O46: =N46 -> 7300 | W46: =A46 -> JISA-26144
W47: =A47 -> 0
W48: =A48 -> 0
W49: =A49 -> 0
W50: =A50 -> 0
W51: =A51 -> 0
W52: =A52 -> 0
W53: =A53 -> 0
W54: =A54 -> 0
W55: =A55 -> 0
W56: =A56 -> 0
W57: =A57 -> 0
W58: =A58 -> 0
... W831: =A831 -> 0

Sheet ELJA
N1: =SUM(M3:M116) -> 62950
A2: REF/INV NO | B2: CUSTOMER | C2: CUSTOMER FOR | D2: CONTAINER | E2: ETD | F2: ETA | G2: SHIPPING LINE | H2: POL | I2: POD | J2: TOTAL COST | K2: PREVIO / INSURANCE | L2: BILL AMT
A3: ELJA-26001 | B3: ELÍAS JASQUI | C3: DIVENTO, SA DE CV | D3: HMMU4997760 | E3: 46259 | F3: 46287 | G3: HMM | H3: NINGBO | I3: LAZARO CARDENAS,MX | J3: 7850 | K3: 0 | L3: =SUM(J3:K3) -> 7850 | M3: =L3 -> 7850 | O3: DATE | P3: PAY
A4: ELJA-26002 | B4: ELÍAS JASQUI | C4: DIVENTO, SA DE CV | D4: MSMU5279907 | E4: 46274 | F4: 46308 | G4: MSC | H4: XIAMEN | I4: LAZARO CARDENAS,MX | J4: 7650 | K4: 0 | L4: =SUM(J4:K4) -> 7650 | M4: =L4 -> 7650
A5: ELJA-26003 | B5: ELÍAS JASQUI | C5: DIVENTO, SA DE CV | D5: MSDU7625601 | E5: 46274 | F5: 46308 | G5: MSC | H5: XIAMEN | I5: LAZARO CARDENAS,MX | J5: 7650 | K5: 0 | L5: =SUM(J5:K5) -> 7650 | M5: =L5 -> 7650
A6: ELJA-26004 | B6: ELÍAS JASQUI | C6: DIVENTO, SA DE CV | D6: BMOU4439734 | E6: 46274 | F6: 46308 | G6: MSC | H6: XIAMEN | I6: LAZARO CARDENAS,MX | J6: 7650 | K6: 0 | L6: =SUM(J6:K6) -> 7650 | M6: =L6 -> 7650
A7: ELJA-26005 | B7: ELÍAS JASQUI | C7: DIVENTO, SA DE CV | D7: MSNU7409346 | E7: 46274 | F7: 46308 | G7: MSC | H7: XIAMEN | I7: LAZARO CARDENAS,MX | J7: 7650 | K7: 0 | L7: =SUM(J7:K7) -> 7650 | M7: =L7 -> 7650
A8: ELJA-26006 | B8: ELÍAS JASQUI | C8: DIVENTO, SA DE CV | D8: MSNU5569089 | E8: 46295 | F8: 46331 | G8: MSC | H8: XIAMEN | I8: LAZARO CARDENAS,MX | J8: 5850 | K8: 0 | L8: =SUM(J8:K8) -> 5850 | M8: =L8 -> 5850
A9: ELJA-26007 | B9: ELÍAS JASQUI | C9: DIVENTO, SA DE CV | D9: MEDU4909844 | E9: 46295 | F9: 46331 | G9: MSC | H9: XIAMEN | I9: LAZARO CARDENAS,MX | J9: 5850 | K9: 0 | L9: =SUM(J9:K9) -> 5850 | M9: =L9 -> 5850
A10: ELJA-26008 | B10: ELÍAS JASQUI | C10: DIVENTO, SA DE CV | D10: MSMU6577104 | E10: 46295 | F10: 46322 | G10: MSC | H10: XIAMEN | I10: LAZARO CARDENAS,MX | J10: 6400 | K10: 0 | L10: =SUM(J10:K10) -> 6400 | M10: =L10 -> 6400
A11: ELJA-26009 | B11: ELÍAS JASQUI | C11: DIVENTO, SA DE CV | D11: MSNU5531247 | E11: 46295 | F11: 46322 | G11: MSC | H11: XIAMEN | I11: LAZARO CARDENAS,MX | J11: 6400 | K11: 0 | L11: =SUM(J11:K11) -> 6400 | M11: =L11 -> 6400

Sheet CATTAN
P1: =SUM(N3:N82)-SUM(R4:R13) -> 0
A2: REF/INV NO | B2: CUSTOMER | C2: CUSTOMER FOR | D2: CONTAINER | E2: ETD | F2: ETA | G2: SHIPPING LINE | H2: POL | I2: POD | J2: TOTAL COST | K2: RAIL | L2: EXW FEE | M2: PREVIO / INSURANCE | N2: BILL AMT
A3: GAC-26007 | B3: GABIREL CATTAN | C3: ANHERST S.A DE C.V | D3: CAIU7107287 | E3: 46171 | F3: 46206 | G3: MSC | H3: SHEKOU | I3: LAZARO CARDENAS,MX | J3: =5500+180 -> 5680 | K3: 0 | L3: 0 | M3: 0 | N3: =J3+K3+M3+L3 -> 5680 | O3: 0 | Q3: DATE | R3: PAY
A4: GAC-26008 | B4: GABIREL CATTAN | C4: ANHERST S.A DE C.V | D4: EMCU8222280 | E4: 46180 | F4: 46206 | G4: EMC | H4: SHEKOU | I4: LAZARO CARDENAS,MX | J4: 6100 | K4: 0 | L4: 0 | M4: 180 | N4: =J4+K4+M4+L4 -> 6280 | O4: 0 | Q4: 46252 | R4: 26570
A5: GAC-26009 | B5: GABIREL CATTAN | C5: ANHERST S.A DE C.V | D5: HMMU4828272 | E5: 46194 | F5: 46224 | G5: HMM | H5: NINGBO | I5: LAZARO CARDENAS,MX | J5: 6950 | K5: 0 | L5: 0 | M5: 180 | N5: =J5+K5+M5+L5 -> 7130 | O5: 0 | Q5: - | R5: 2000
A6: GABRI-26008 | B6: GABIREL CATTAN | C6: ANHERST S.A DE C.V | D6: MSDU7551854 | E6: 46206 | F6: 46232 | G6: MSC | H6: NINGBO | I6: LAZARO CARDENAS,MX | J6: 6300 | K6: 0 | L6: 1000 | M6: 180 | N6: =J6+K6+M6+L6 -> 7480 | O6: 0 | Q6: 46272 | R6: 23240
A7: GABRI-26014 | B7: GABIREL CATTAN | C7: ANHERST S.A DE C.V | D7: MSDU5007712 | E7: 46206 | F7: 46232 | G7: MSC | H7: NINGBO | I7: LAZARO CARDENAS,MX | J7: 6300 | K7: 0 | L7: 1000 | M7: 180 | N7: =J7+K7+M7+L7 -> 7480 | O7: 0 | Q7: 46289 | R7: 33800
A8: GABRI-26009 | B8: GABIREL CATTAN | C8: ANHERST S.A DE C.V | D8: EISU8548773 | E8: 46208 | F8: 46241 | G8: EMC | H8: SHEKOU | I8: LAZARO CARDENAS,MX | J8: 6300 | K8: 0 | L8: 1275 | M8: 180 | N8: =J8+K8+M8+L8 -> 7755 | O8: 0
A9: GABRI-26011 | B9: GABIREL CATTAN | C9: ANHERST S.A DE C.V | D9: CSNU6156135 | E9: 46210 | F9: 46240 | G9: COSCO | H9: NINGBO | I9: LAZARO CARDENAS,MX | J9: 6200 | K9: 0 | L9: 1000 | M9: 180 | N9: =J9+K9+M9+L9 -> 7380 | O9: 0
A10: GABRI-26012 | B10: GABIREL CATTAN | C10: ANHERST S.A DE C.V | D10: OOCU8746656 | E10: 46210 | F10: 46240 | G10: COSCO | H10: NINGBO | I10: LAZARO CARDENAS,MX | J10: 6200 | K10: 0 | L10: 1000 | M10: 180 | N10: =J10+K10+M10+L10 -> 7380 | O10: 0
A11: GABRI-26013 | B11: GABIREL CATTAN | C11: ANHERST S.A DE C.V | D11: FCIU9945477 | E11: 46210 | F11: 46240 | G11: COSCO | H11: NINGBO | I11: LAZARO CARDENAS,MX | J11: 6200 | K11: 0 | L11: 1050 | M11: 180 | N11: =J11+K11+M11+L11 -> 7430 | O11: 0
A12: GABRI-26010 | B12: GABIREL CATTAN | C12: ANHERST S.A DE C.V | D12: HMMU6165800 | E12: 46203 | F12: 46238 | G12: HMM | H12: NINGBO | I12: LAZARO CARDENAS,MX | J12: 0 | K12: 0 | L12: 915 | M12: 0 | N12: =J12+K12+M12+L12 -> 915 | O12: 0
A13: GABRI-26015 | B13: GABIREL CATTAN | C13: ANHERST S.A DE C.V | D13: CSGU6063368 | E13: 46224 | F13: 46264 | G13: COSCO | H13: NINGBO | I13: LAZARO CARDENAS,MX | J13: 5520 | K13: 0 | L13: 1090 | M13: 180 | N13: =J13+K13+M13+L13 -> 6790 | O13: 0
A14: GAC-26010 | B14: GABIREL CATTAN | C14: ANHERST S.A DE C.V | D14: TRHU5812536 | E14: 46244 | F14: 46272 | G14: OOCL | H14: NINGBO | I14: LAZARO CARDENAS,MX | J14: 6250 | K14: 0 | L14: 0 | M14: 180 | N14: =J14+K14+M14+L14 -> 6430 | O14: 0
A15: GAC-26011 | B15: GABIREL CATTAN | C15: ANHERST S.A DE C.V | D15: GCXU6508917 | E15: 46244 | F15: 46272 | G15: OOCL | H15: NINGBO | I15: LAZARO CARDENAS,MX | J15: 6250 | K15: 0 | L15: 0 | M15: 180 | N15: =J15+K15+M15+L15 -> 6430 | O15: 0
A16: GABRI-26007 | B16: GABIREL CATTAN | C16: YOSEF | D16: HMMU4132160 | E16: 46194 | F16: 46224 | G16: HMM | H16: NINGBO | I16: LAZARO CARDENAS,MX | J16: 0 | K16: 0 | L16: 1050 | M16: 0 | N16: =J16+K16+M16+L16 -> 1050 | O16: 0

Sheet PAT
O1: =SUM(M3:M53)-SUM(Q4:Q53) -> -40
A2: REF/INV NO | B2: CUSTOMER | C2: CUSTOMER FOR | D2: CONTAINER | E2: ETD | F2: ETA | G2: SHIPPING LINE | H2: POL | I2: POD | J2: TOTAL COST | K2: RAIL | L2: PREVIO / INSURANCE | M2: BILL AMT
A3: PAT-26001 | B3: PAT | C3: CARLOS MANUEL BARRIOS LARA | D3: MSNU8514665 | E3: 46181 | F3: 46208 | G3: MSC | H3: NINGBO | I3: LAZARO CARDENAS,MX | J3: 6200 | K3: 0 | L3: 180 | M3: =J3+K3+L3 -> 6380 | N3: 0 | P3: DATE | Q3: PAY
A4: PAT-26003 | B4: PAT | C4: ABEYC | D4: CAAU7938246 | E4: 46205 | F4: 46232 | G4: MSK | H4: NANSHA | I4: LAZARO CARDENAS,MX | J4: 6900 | K4: 0 | L4: 0 | M4: =J4+K4+L4 -> 6900 | N4: 0 | P4: 46237 | Q4: 13280
A5: PAT-26004 | B5: PAT | C5: QUALITEMS IMPORTACIONES, SA DE CV | D5: CAJU5858554 | E5: 46233 | F5: 46259 | G5: MSC | H5: NINGBO | I5: LAZARO CARDENAS,MX | J5: 5200 | K5: 0 | L5: 180 | M5: =J5+K5+L5 -> 5380 | N5: 0 | P5: 46243 | Q5: 17000
A6: PAT-26005 | B6: PAT | C6: CARLOS MANUEL BARRIOS LARA | D6: CAJU5935671 | E6: 46240 | F6: 46272 | G6: MSC | H6: NINGBO | I6: LAZARO CARDENAS,MX | J6: 5700 | K6: 0 | L6: 180 | M6: =J6+K6+L6 -> 5880 | N6: 0
A7: PAT-26006 | B7: PAT | C7: CARLOS MANUEL BARRIOS LARA | D7: MSDU5994529 | E7: 46240 | F7: 46272 | G7: MSC | H7: NINGBO | I7: LAZARO CARDENAS,MX | J7: 5700 | K7: 0 | L7: 0 | M7: =J7+K7+L7 -> 5700 | N7: 0

Sheet DACH
O1: =SUM(N3:N93) -> 6850
A2: REF/INV NO | B2: CUSTOMER | C2: CUSTOMER FOR | D2: CONTAINER | E2: ETD | F2: ETA | G2: SHIPPING LINE | H2: POL | I2: POD | J2: TOTAL COST | K2: RAIL | L2: PREVIO / INSURANCE | M2: BILL AMT
A3: DACH-26003 | B3: Daniel Cherem | C3: COMERCIALIZADORA BEPASI SA DE CV | D3: EITU0592794 | E3: 46201 | F3: 46226 | G3: EMC | H3: SHEKOU | I3: MANZANILLO | J3: 6750 | K3: 0 | L3: 100 | M3: =J3+K3+L3 -> 6850 | N3: =M3 -> 6850 | P3: DATE | Q3: PAY

Sheet JOSHUA CREDI
L1: =(SUM(L3:L114)-SUM(O4:O119)) -> 0
A2: REF/INV NO | B2: CUSTOMER FOR | C2: CUSTOMER | D2: CONTAINER | E2: ETD | F2: ETA | G2: SHIPPING LINE | H2: POL | I2: POD | J2: TOTAL COST | K2: PREVIO/INSURANCE | L2: BILL AMT
A3: HUA-26001 | B3: YOSHUA CREDI | C3: LA HAMACA Y EL REBOZO SAPI DE CV | D3: CAIU6275820 | E3: 46085 | F3: 46123 | G3: MSK | H3: YANTIAN | I3: LAZARO,ALL RAIL TO PANTACO | J3: 4100 | K3: 100 | L3: =J3+K3 -> 4200 | N3: DATE | O3: PAY
N4: 46178 | O4: 4200

Sheet KOBI
O1: =SUM(N3:N82) -> 14600
A2: REF/INV NO | B2: CUSTOMER | C2: CUSTOMER FOR | D2: CONTAINER | E2: ETD | F2: ETA | G2: SHIPPING LINE | H2: POL | I2: POD | J2: TOTAL COST | K2: RAIL | L2: PREVIO / INSURANCE | M2: BILL AMT
A3: M-ABY-SKM-ANM-260058 | B3: KOBI TO ABY-SKM-ANM | C3: KOBI | D3: MSMU5616119 | E3: 46281 | F3: 46315 | G3: MSC | H3: XIAMEN | I3: LAZARO CARDENAS,MX | J3: 7300 | K3: 0 | L3: 0 | M3: =J3+K3+L3 -> 7300 | N3: =M3 -> 7300 | P3: DATE | Q3: PAY
A4: M-SKM-ZUZU-260056 | B4: KOBI TO MAYER SAKAL+ZUZU | C4: KOBI | D4: MSMU8498792 | E4: 46281 | F4: 46315 | G4: MSC | H4: XIAMEN | I4: LAZARO CARDENAS,MX | J4: 7300 | K4: 0 | L4: 0 | M4: =J4+K4+L4 -> 7300 | N4: =M4 -> 7300

Sheet SKM
O1: =SUM(N3:N90) -> 63860
A2: REF/INV NO | B2: CUSTOMER | C2: CUSTOMER FOR | D2: CONTAINER | E2: ETD | F2: ETA | G2: SHIPPING LINE | H2: POL | I2: POD | J2: TOTAL COST | K2: RAIL | L2: PREVIO / INSURANCE | M2: BILL AMT
A3: M-SKM-260026 | B3: KOBI TO MAYER SAKAL | C3: KOBI | D3: FBLU0096469 | E3: 46204 | F3: 46234 | G3: MSC | H3: XIAMEN | I3: LAZARO CARDENAS,MX | J3: 6950 | K3: 0 | L3: 180 | M3: =J3+K3+L3 -> 7130 | N3: =M3 -> 7130 | P3: DATE | Q3: PAY
A4: M-SKM-260025 | B4: KOBI TO MAYER SAKAL | C4: KOBI | D4: FFAU2238480 | E4: 46203 | F4: 46245 | G4: MSC | H4: XIAMEN | I4: LAZARO CARDENAS,MX | J4: 5900 | K4: 0 | L4: 180 | M4: =J4+K4+L4 -> 6080 | N4: =M4 -> 6080
A5: M-SKM-260030 | B5: KOBI TO MAYER SAKAL | C5: KOBI | D5: MSMU8464236 | E5: 46211 | F5: 46248 | G5: MSC | H5: XIAMEN | I5: LAZARO CARDENAS,MX | J5: 5900 | K5: 0 | L5: 0 | M5: =J5+K5+L5 -> 5900 | N5: =M5 -> 5900
A6: M-SKM-260028 | B6: KOBI TO MAYER SAKAL | C6: KOBI | D6: MEDU4516507 | E6: 46211 | F6: 46248 | G6: MSC | H6: XIAMEN | I6: LAZARO CARDENAS,MX | J6: 5900 | K6: 0 | L6: 0 | M6: =J6+K6+L6 -> 5900 | N6: =M6 -> 5900
A7: M-SKM-260031 | B7: KOBI TO MAYER SAKAL | C7: KOBI | D7: MEDU7150176 | E7: 46225 | F7: 46259 | G7: MSC | H7: XIAMEN | I7: LAZARO CARDENAS,MX | J7: 5200 | K7: 0 | L7: 0 | M7: =J7+K7+L7 -> 5200 | N7: =M7 -> 5200
A8: M-SKM-260036 | B8: KOBI TO MAYER SAKAL | C8: KOBI | D8: FFAU4090406 | E8: 46232 | F8: 46269 | G8: MSC | H8: XIAMEN | I8: LAZARO CARDENAS,MX | J8: 5000 | K8: 0 | L8: 0 | M8: =J8+K8+L8 -> 5000 | N8: =M8 -> 5000
A9: M-SKM-260037 | B9: KOBI TO MAYER SAKAL | C9: KOBI | D9: TCLU7890305 | E9: 46232 | F9: 46269 | G9: MSC | H9: XIAMEN | I9: LAZARO CARDENAS,MX | J9: 5000 | K9: 0 | L9: 0 | M9: =J9+K9+L9 -> 5000 | N9: =M9 -> 5000
A10: M-SKM-260042 | B10: KOBI TO MAYER SAKAL | C10: KOBI | D10: UETU6713720 | E10: 46253 | F10: 46287 | G10: MSC | H10: XIAMEN | I10: LAZARO CARDENAS,MX | J10: 7450 | K10: 0 | L10: 0 | M10: =J10+K10+L10 -> 7450 | N10: =M10 -> 7450
A11: M-SKM-260043 | B11: KOBI TO MAYER SAKAL | C11: KOBI | D11: MSNU5397117 | E11: 46253 | F11: 46287 | G11: MSC | H11: XIAMEN | I11: LAZARO CARDENAS,MX | J11: 7450 | K11: 0 | L11: 0 | M11: =J11+K11+L11 -> 7450 | N11: =M11 -> 7450
A12: M-SKM-260055 | B12: KOBI TO MAYER SAKAL | C12: KOBI | D12: MSDU5884516 | E12: 46267 | F12: 46301 | G12: MSC | H12: XIAMEN | I12: LAZARO CARDENAS,MX | J12: 8750 | K12: 0 | L12: 0 | M12: =J12+K12+L12 -> 8750 | N12: =M12 -> 8750

Sheet ANM
O1: =SUM(N3:N82) -> 0
A2: REF/INV NO | B2: CUSTOMER | C2: CUSTOMER FOR | D2: CONTAINER | E2: ETD | F2: ETA | G2: SHIPPING LINE | H2: POL | I2: POD | J2: TOTAL COST | K2: RAIL | L2: PREVIO / INSURANCE | M2: BILL AMT
A3: M-ANM-260021 | B3: KOBI TO ANM(MR VICTOR) | C3: KOBI | D3: MSMU7810632 | E3: 46183 | F3: 46217 | G3: MSC | H3: XIAMEN | I3: LAZARO CARDENAS,MX | J3: 6300 | K3: 0 | L3: 100 | M3: =J3+K3+L3 -> 6400 | N3: 0 | P3: DATE | Q3: PAY
A4: M-ANM-260022 | B4: KOBI TO ANM(MR VICTOR) | C4: KOBI | D4: MEDU7709726 | E4: 46183 | F4: 46217 | G4: MSC | H4: XIAMEN | I4: LAZARO CARDENAS,MX | J4: 6300 | K4: 0 | L4: 100 | M4: =J4+K4+L4 -> 6400 | N4: 0 | P4: 46290 | Q4: 12800

Sheet MOSHE TUACHI
N1: =SUM(M3:M116) -> 5900
A2: REF/INV NO | B2: CUSTOMER | C2: CUSTOMER FOR | D2: CONTAINER | E2: ETD | F2: ETA | G2: SHIPPING LINE | H2: POL | I2: POD | J2: TOTAL COST | K2: PREVIO / INSURANCE | L2: BILL AMT
A3: MTC-26001 | B3: Moshe Tuachi | C3: Moshe Tuachi-TF ASESORIA ADUANERA S DE RL DE CV | D3: MOTU1416640 | E3: 46217 | F3: 46246 | G3: ONE | H3: NINGBO | I3: LAZARO CARDENAS,MX | J3: 5900 | K3: 0 | L3: =SUM(J3:K3) -> 5900 | M3: 5900 | O3: DATE | P3: PAY

Sheet JAZ
N1: =SUM(L3:L119)-SUM(P3:P39) -> 7500
A2: REF/INV NO | B2: CUSTOMER | C2: CUSTOMER FOR | D2: CONTAINER | E2: ETD | F2: ETA | G2: SHIPPING LINE | H2: POL | I2: POD | J2: TOTAL COST | K2: PREVIO / INSURANCE | L2: BILL AMT
A3: JAZD-26019 | B3: JAZ | C3: ABMUSS-PORT | D3: ONEU7073155 | E3: 46225 | F3: 46250 | G3: ONE | H3: NINGBO | I3: LONG BEACH | J3: 6550 | K3: 200 | L3: 6750 | M3: 0 | O3: DATE | P3: PAY
A4: JAZD-26022 | B4: JAZ | C4: ABMUSS-PORT | D4: HMMU4345253 | E4: 46231 | F4: 46252 | G4: HMM | H4: NINGBO | I4: LONG BEACH | J4: 6230 | K4: 200 | L4: 6430 | M4: 0 | O4: 46293 | P4: 6750
A5: JAZD-26027 | B5: JAZ | C5: ABMUSS-PORT | D5: TXGU8167944 | E5: 46234 | F5: 46252 | G5: WH | H5: NINGBO | I5: LONG BEACH | J5: 6030 | K5: 200 | L5: 6230 | M5: 0 | O5: 46293 | P5: 6430
A6: JAZD-26031 | B6: JAZ | C6: ABMUSS-PORT | D6: HMMU6976704 | E6: 46246 | F6: 46263 | G6: HMM | H6: SHANGHAI | I6: LONG BEACH | J6: 6380 | K6: 200 | L6: 6580 | M6: 0 | O6: 46293 | P6: 6230
A7: JAZD-26021 | B7: JAZ | C7: ABMUSS-PORT | D7: MSNU7711546 | E7: 46241 | F7: 46262 | G7: MSC | H7: SHANGHAI | I7: LONG BEACH | J7: 6780 | K7: 200 | L7: 6980 | M7: 0 | O7: 46295 | P7: 20540
A8: JAZD-26026 | B8: JAZ | C8: ABMUSS-PORT | D8: MSNU7351115 | E8: 46241 | F8: 46262 | G8: MSC | H8: SHANGHAI | I8: LONG BEACH | J8: 6780 | K8: 200 | L8: 6980 | M8: 0
A9: JAZD-26038 | B9: JAZ | C9: ABMUSS-PORT | D9: KOCU4251335 | E9: 46279 | F9: 46296 | G9: HMM | H9: SHANGHAI | I9: LONG BEACH | J9: 7300 | K9: 200 | L9: =SUM(J9:K9) -> 7500 | M9: =L9 -> 7500

Sheet ANHERST
N1: =SUM(M3:M116) -> 15700
A2: REF/INV NO | B2: CUSTOMER | C2: CUSTOMER FOR | D2: CONTAINER | E2: ETD | F2: ETA | G2: SHIPPING LINE | H2: POL | I2: POD | J2: TOTAL COST | K2: PREVIO / INSURANCE | L2: BILL AMT
A3: DAZO-26001 | B3: daniel zonana/mossie zonana | C3: ANHERST S.A DE C.V | D3: TCNU1560751 | E3: 46268 | F3: 46305 | G3: MSK | H3: YANTIAN | I3: LAZARO CARDENAS,MX | J3: 7950 | K3: 0 | L3: =SUM(J3:K3) -> 7950 | M3: =L3 -> 7950 | O3: DATE | P3: PAY
A4: M-26036 | B4: MARCOS TUACHI | C4: ANHERST S.A DE C.V | D4: TLLU7725269 | E4: 46284 | F4: 46316 | G4: COSCO | H4: QINGDAO | I4: LAZARO CARDENAS,MX | J4: 7750 | K4: 0 | L4: =SUM(J4:K4) -> 7750 | M4: =L4 -> 7750

Sheet JERARKYNG
N1: =SUM(M3:M115) -> 0
A2: REF/INV NO | B2: CUSTOMER | C2: CUSTOMER FOR | D2: CONTAINER | E2: ETD | F2: ETA | G2: SHIPPING LINE | H2: POL | I2: POD | J2: TOTAL COST | K2: PREVIO / INSURANCE | L2: BILL AMT
A3: SAAL-26001 | B3: SALO ALFIE | C3: JERARKYNG S.A DE C.V | D3: MRSU9394982 | E3: 46280 | F3: 46324 | G3: MSK | H3: YANTIAN | I3: LAZARO CARDENAS,MX | J3: 0 | K3: 0 | L3: =SUM(J3:K3) -> 0 | M3: =L3 -> 0 | O3: DATE | P3: PAY

Sheet MERCURIO
N1: =SUM(M3:M116) -> 37250
A2: REF/INV NO | B2: CUSTOMER | C2: CUSTOMER FOR | D2: CONTAINER | E2: ETD | F2: ETA | G2: SHIPPING LINE | H2: POL | I2: POD | J2: TOTAL COST | K2: PREVIO / INSURANCE | L2: BILL AMT
A3: MAR-26001 | B3: JAIME PERETZ | C3: BICICLETAS MERCURIO | D3: HMMU6113405 | E3: 46278 | F3: 46310 | G3: HMM | H3: SHANGHAI | I3: MANZANILLO,MX | J3: 7350 | K3: 100 | L3: =SUM(J3:K3) -> 7450 | M3: =L3 -> 7450 | O3: DATE | P3: PAY
A4: MAR-26002 | B4: JAIME PERETZ | C4: BICICLETAS MERCURIO | D4: KOCU4933150 | E4: 46278 | F4: 46310 | G4: HMM | H4: SHANGHAI | I4: MANZANILLO,MX | J4: 7350 | K4: 100 | L4: =SUM(J4:K4) -> 7450 | M4: =L4 -> 7450
A5: MAR-26003 | B5: JAIME PERETZ | C5: BICICLETAS MERCURIO | D5: CAIU7385462 | E5: 46278 | F5: 46310 | G5: HMM | H5: SHANGHAI | I5: MANZANILLO,MX | J5: 7350 | K5: 100 | L5: =SUM(J5:K5) -> 7450 | M5: =L5 -> 7450
A6: MAR-26004 | B6: JAIME PERETZ | C6: BICICLETAS MERCURIO | D6: HMMU6451547 | E6: 46278 | F6: 46310 | G6: HMM | H6: SHANGHAI | I6: MANZANILLO,MX | J6: 7350 | K6: 100 | L6: =SUM(J6:K6) -> 7450 | M6: =L6 -> 7450
A7: MAR-26005 | B7: JAIME PERETZ | C7: BICICLETAS MERCURIO | D7: FFAU6338723 | E7: 46278 | F7: 46310 | G7: HMM | H7: SHANGHAI | I7: MANZANILLO,MX | J7: 7350 | K7: 100 | L7: =SUM(J7:K7) -> 7450 | M7: =L7 -> 7450

Sheet PAGOS
B1: =SUM(B3:B37) -> 418107
A2: RCVD DATE | B2: RCVD AMT | C2: Paid From | D2: Paid TO | E2: RE-MARK
A3: 46080 | B3: 43840 | C3: PAGO EN EFECTIVO | D3: ML HK | E3: YOSEF | F3: MEXICO
A4: 46118 | B4: 25850 | D4: ML HK | E4: JACK LEVY | F4: MEXICO
B5: 15000 | C5: DESCONTADO POR ACUERDO | E5: MAN | F5: MEXICO
A6: 46112 | B6: 6500 | C6: SERVICIOS MERCANTILES OS SA DE CV | D6: ML HK | E6: IHE | F6: MEXICO
A7: 46126 | B7: 421 | C7: Remanente de 2025 aplicado a 2026 | E7: MAN
A8: 46128 | B8: 12250 | C8: KESEF GLOBAL GROUP, S.A | D8: ML HK | E8: HHB | F8: S
A9: 46132 | B9: 19016 | C9: ORDER EXPRESS,INC | D9: ML HK | E9: MAN | F9: S
A10: 46128 | B10: $43,529.88 | C10: 2025 | E10: 2025 | F10: s
A11: 46136 | B11: 10500 | C11: GRUPO ELEMENTOS BGM SA DE CV | D11: ML HK | E11: NUDU | F11: S
A12: 46069 | B12: 1650 | C12: GRUPO LOGISTICO IMEM S.A. DE C.V. | D12: ML HK | E12: JIV | F12: S | G12: MAGU5385717
A13: 46070 | B13: 1700 | C13: GRUPO LOGISTICO IMEM S.A. DE C.V. | D13: ML HK | E13: JIV | F13: S | G13: KOCU5084778 | H13: 100
A14: 46070 | B14: 1700 | C14: GRUPO LOGISTICO IMEM S.A. DE C.V. | D14: ML HK | E14: JIV | F14: S | G14: HMMU6802955 | H14: 100
A15: 46116 | B15: 1500 | C15: GRUPO LOGISTICO IMEM S.A. DE C.V. | D15: ML HK | E15: JIV | F15: S | G15: TRHU4970408
A16: 46116 | B16: 1500 | C16: GRUPO LOGISTICO IMEM S.A. DE C.V. | D16: ML HK | E16: JIV | F16: S | G16: BEAU5348038
A17: 46116 | B17: 1500 | C17: GRUPO LOGISTICO IMEM S.A. DE C.V. | D17: ML HK | E17: JIV | F17: S | G17: ONEU6827749
A18: 46116 | B18: 1450 | C18: GRUPO LOGISTICO IMEM S.A. DE C.V. | D18: ML HK | E18: JIV | F18: S | G18: TGBU9760653
A19: 46116 | B19: 1500 | C19: GRUPO LOGISTICO IMEM S.A. DE C.V. | D19: ML HK | E19: JIV | F19: S | G19: ONEU6191180
A20: 46116 | B20: 1500 | C20: GRUPO LOGISTICO IMEM S.A. DE C.V. | D20: ML HK | E20: JIV | F20: S | G20: TRHU4788733
A21: 46116 | B21: 1750 | C21: GRUPO LOGISTICO IMEM S.A. DE C.V. | D21: ML HK | E21: JIV | F21: S | G21: KOCU4693110
A22: 46122 | B22: 1500 | C22: GRUPO LOGISTICO IMEM S.A. DE C.V. | D22: ML HK | E22: JIV | F22: S | G22: ONEU7652440
A23: 46122 | B23: 1500 | C23: GRUPO LOGISTICO IMEM S.A. DE C.V. | D23: ML HK | E23: JIV | F23: S | G23: ONEU6325925
A24: 46140 | B24: 4950 | C24: GRUPO LOGISTICO IMEM S.A. DE C.V. | D24: ML HK | E24: JIV | F24: S | G24: BEAU5355802
A25: 46140 | B25: 4950 | C25: GRUPO LOGISTICO IMEM S.A. DE C.V. | D25: ML HK | E25: JIV | F25: S | G25: MTSU9602760
A26: 46140 | B26: 4950 | C26: GRUPO LOGISTICO IMEM S.A. DE C.V. | D26: ML HK | E26: JIV | F26: S | G26: FFAU6714559
... A31: 46140 | B31: 4950 | C31: GRUPO LOGISTICO IMEM S.A. DE C.V. | D31: ML HK | E31: JIV | F31: S | G31: ONEU0012100
A32: 46147 | B32: 149680 | C32: CVC NET S.A de C.V | D32: ML HK | E32: YOSEF | F32: S
A33: 46126 | B33: 7500 | C33: GRUPO ELEMENTOS BGM SA DE CV | D33: ML HK | E33: NUDU | F33: S
A34: 46148 | B34: 40000 | C34: TEXTILES KALIL SA DE CV | D34: ML HK | E34: SALOMON JASQUI | F34: S
A35: 46157 | B35: 2250 | C35: KESEF GLOBAL GROUP, S.A. | D35: ML HK | E35: INA | F35: S
A36: 46161 | B36: 22000 | D36: ML HK | E36: SALOMON JASQUI | F36: S
A37: 46164 | B37: 4900 | C37: GRUPO LOGISTICO IMEM S.A. DE C.V. | D37: ML HK | E37: JIV | F37: S | G37: MSNU5446865
A38: 46178 | B38: 4200 | C38: TEXTILES KALIL SA DE CV | D38: ML HK | E38: JOSHUA CREDI | F38: S
A39: 46177 | B39: 22250 | C39: TEXTILES KALIL SA DE CV | D39: ML HK | E39: AB | F39: S
A40: 46177 | B40: 7960 | C40: TEXTILES KALIL SA DE CV | D40: ML HK | E40: AASZ (GLAM) | F40: S
A41: 46182 | B41: 50000 | C41: COMPRY TECH BE SA DE CV | D41: ML HK | E41: ELIAS LEVY | F41: S
A42: 46188 | B42: 74700 | C42: CVC NET S.A de C.V | D42: ML HK | E42: YOSEF | F42: S
A43: 46185 | B43: 11800 | C43: TEXTILES KALIL SA DE CV | D43: ML HK | E43: BENA | F43: S
A44: 46184 | B44: 22250 | C44: TEXTILES KALIL SA DE CV | D44: ML HK | E44: MLO-AB | F44: S
A45: 46185 | B45: 20000 | D45: ML HK | E45: IHE | F45: S
A46: 46205 | B46: 27030 | C46: ORDER EXPRESS, INC. | D46: ML HK | E46: MAN | F46: Este me lo pasaron y se aplico a Man pero China lo manda como si fuera de BH
A47: 46191 | B47: 3500 | C47: GRUPO LOGISTICO IMEM S.A. DE C.V. | D47: ML HK | E47: JIV | F47: S
A48: 46206 | B48: 76860 | C48: NOVUPESO,S.A. DE C.V. | D48: ML HK | E48: YOSEF | F48: Este me lo pasaron y se aplico a Yosef pero China lo manda como si fuera de Man
A49: 46205 | B49: 14000 | C49: NOVROCK DOS S.A. DE C.V. | D49: ML HK | E49: BH | F49: Este me lo pasaron y se aplico a BH pero China lo manda como si fuera de Yosef
A50: 46205 | B50: 12850 | C50: GRUPO IMPORTADOR LUCK SA DE CV | D50: ML HK | E50: JISA(GROUP LUCK) | F50: S
A51: 46209 | B51: 40000 | D51: ML HK | E51: SALOMON JASQUI | F51: S
A52: 46210 | B52: 13300 | D52: ML HK | E52: LU | F52: S
A53: 46212 | B53: 16767.75 | D53: ML HK | E53: BENA | F53: S
A54: 46216 | B54: 14180 | D54: ML HK | E54: AASZ ISAMAR | F54: S
A55: 46217 | B55: 70000 | D55: ML HK | E55: SALOMON JASQUI | F55: S
A56: 46223 | B56: 30000 | C56: MIXKOBA S.A. DE C.V | D56: ML HK | E56: SALOMON JASQUI | F56: S
A57: 46223 | B57: 55798.08 | C57: IMPORTACIONES BLOOM SA DE CV | D57: ML HK | E57: YOSEF | F57: S
A58: 46227 | B58: 151480 | D58: ML HK | E58: YOSEF | F58: S
A59: 46227 | B59: 8200 | D59: ML HK | E59: IHE | F59: S
A60: 46231 | B60: 5250 | C60: GRUPO ELEMENTOS BGM SA DE CV | D60: ML HK | E60: NUDU | F60: S
A61: 46233 | B61: 80000 | D61: ML HK | E61: SALOMON JASQUI | F61: S
A62: 46235 | B62: 4650 | C62: GRUPO IMPORTADOR LUCK SA DE CV | D62: ML HK | E62: JISA(GROUP LUCK) | F62: S
A63: 46235 | B63: 6200 | C63: GRUPO IMPORTADOR LUCK SA DE CV | D63: ML HK | E63: JISA(GROUP LUCK) | F63: S
A64: 46237 | B64: 13280 | C64: KARTELIA, S. DE R.L. DE C.V. | D64: ML HK | E64: PAT | F64: S
A65: 46239 | B65: 70000 | D65: ML HK | E65: SALOMON JASQUI | F65: S
A66: 46239 | B66: 7050 | C66: GRUPO IMPORTADOR LUCK SA DE CV | D66: ML HK | E66: JISA(GROUP LUCK) | F66: S
A67: 46240 | B67: 14260 | D67: ML HK | E67: BH | F67: S
A68: 46240 | B68: 6750 | C68: GRUPO IMPORTADOR LUCK SA DE CV | D68: ML HK | E68: JISA(GROUP LUCK) | F68: S
A69: 46241 | B69: 35700 | C69: NOVIROCK (FASHION LINK S.A. DE C.V.) | D69: ML HK | E69: AB | F69: S
A70: 46243 | B70: 17000 | C70: KARTELIA, S. DE R.L. DE C.V. | D70: ML HK | E70: PAT | F70: S
A71: 46244 | B71: 7200 | C71: GRUPO IMPORTADOR LUCK SA DE CV | D71: ML HK | E71: JISA(GROUP LUCK) | F71: S
A72: 46245 | B72: 70000 | C72: MIXKOBA S.A. DE C.V | D72: ML HK | E72: Salomón Jasqui | F72: S
A73: 46245 | B73: 3100 | C73: GRUPO IMPORTADOR LUCK SA DE CV | D73: ML HK | E73: JISA(GROUP LUCK) | F73: S
A74: 46245 | B74: 5250 | C74: GRUPO IMPORTADOR LUCK SA DE CV | D74: ML HK | E74: JISA(GROUP LUCK) | F74: S
A75: 46247 | B75: 6250 | C75: FASHION LINK S.A. DE C.V. | D75: ML HK | E75: IHE | F75: S
A76: 46247 | B76: 6050 | C76: GRUPO IMPORTADOR LUCK SA DE CV | D76: ML HK | E76: JISA(GROUP LUCK) | F76: S
A77: 46251 | B77: 7050 | C77: GRUPO IMPORTADOR LUCK SA DE CV | D77: ML HK | E77: JISA(GROUP LUCK) | F77: S
A78: 46252 | B78: 26570 | C78: NEXTRAM DISTRIBUIDORA SA DE CV | D78: ML HK | E78: CATTAN | F78: S
A79: 46252 | B79: 3100 | C79: GRUPO IMPORTADOR LUCK SA DE CV | D79: ML HK | E79: JISA(GROUP LUCK) | F79: S
A80: 46252 | B80: 5900 | C80: GRUPO IMPORTADOR LUCK SA DE CV | D80: ML HK | E80: JISA(GROUP LUCK) | F80: S
A81: 46253 | B81: 120000 | D81: ML HK | E81: SALOMON JASQUI | F81: S
A82: 46254 | B82: 19963.05 | D82: ML HK | E82: HHB | F82: S
A83: 46254 | B83: 36650 | C83: FASHION LINK S.A. DE C.V. | D83: ML HK | E83: AB | F83: S
A84: 46255 | B84: 8756.2 | D84: ML HK | E84: RAMON BETECH | F84: S
A85: 46255 | B85: 60000 | C85: MARITEXTEL SA DE CV | D85: ML HK | E85: MNS | F85: S
A86: 46255 | B86: 103991 | D86: ML HK | E86: YOSEF | F86: S
A87: 46255 | B87: 18120.17 | C87: ORDER EXPRESS, INC. | D87: ML HK | E87: REBE | F87: S
A88: 46258 | B88: 20591.07 | D88: ML HK | E88: MAN | F88: S
A89: 46260 | B89: 157858.63 | C89: FASHION LINK S.A. DE C.V. | D89: ML HK | E89: SALOMON JASQUI | F89: S
A90: 46260 | B90: 6400 | C90: GRUPO IMPORTADOR LUCK SA DE CV | D90: ML HK | E90: JISA(GROUP LUCK) | F90: S
A91: 46260 | B91: 6300 | C91: GRUPO IMPORTADOR LUCK SA DE CV | D91: ML HK | E91: JISA(GROUP LUCK) | F91: S
A92: 46260 | B92: 6000 | C92: GRUPO IMPORTADOR LUCK SA DE CV | D92: ML HK | E92: JISA(GROUP LUCK) | F92: S
A93: 46261 | B93: 40755 | C93: KESEF GLOBAL GROUP, S.A. | D93: ML HK | E93: ELIAS LEVY | F93: S
A94: 46261 | B94: 5980 | C94: ORDER EXPRESS,INC | D94: ML HK | E94: YTM | F94: S
A95: 46268 | B95: 1300 | C95: GRUPO LOGISTICO IMEM S.A. DE C.V. | D95: ML HK | E95: JIV | F95: S
A96: 46269 | B96: 50000 | C96: MARITEXTEL SA DE CV | D96: ML HK | E96: MNS | F96: S
A97: 46272 | B97: 153220 | C97: IMPORTACIONES BLOOM SA DE CV | D97: ML HK | E97: YOSEF | F97: S
A98: 46272 | B98: 23240 | C98: NEXTRAM DISTRIBUIDORA SA DE CV | D98: ML HK | E98: CATTAN | F98: S
A99: 46274 | B99: 110000 | D99: ML HK | E99: Salomón Jasqui | F99: S
A100: 46279 | B100: 36000 | C100: 8088021954 - VIP Logo Inc | D100: ML HK | E100: Salomón Jasqui | F100: S
A101: 46282 | B101: 18190 | D101: ML HK | E101: AASZ | F101: S
A102: 46282 | B102: 40100 | C102: KESEF GLOBAL GROUP, S.A. | D102: ML HK | E102: STRANGER | F102: S
A103: 46283 | B103: 61840 | C103: XAYAK SA DE CV | D103: ML HK | E103: AB | F103: S
A104: 46283 | B104: 40000 | C104: MARITEXTEL SA DE CV | D104: ML HK | E104: MNS | F104: S
...

Sheet Hoja1
K1: =SUM(K3:K92) -> 18530
A2: REF/INV NO | B2: CUSTOMER FOR | C2: BL | D2: CONTAINER | E2: ETD | F2: ETA | G2: SHIPPING LINE | H2: POL | I2: POD | J2: BILL AMT
A3: NUDU-25001 | B3: NUDU | C3: TLX | D3: MSDU5299321 | E3: 45746 | F3: 45777 | G3: MSC | H3: NINGBO | I3: LAZARO CARDENAS | J3: 1950 | K3: 0
A4: NUDU-25002 | B4: NUDU | C4: TLX | D4: TCLU5197061 | E4: 45746 | F4: 45777 | G4: MSC | H4: NINGBO | I4: LAZARO CARDENAS | J4: 1950 | K4: 0
A5: NUDU-25004 | B5: NUDU | C5: TLX | D5: MSMU6679960 | E5: 45749 | F5: 45776 | G5: MSC | H5: NINGBO | I5: LAZARO CARDENAS | J5: 2150 | K5: 0
A6: NUDU-25005 | B6: NUDU | C6: TLX | D6: MSDU7295156 | E6: 45749 | F6: 45776 | G6: MSC | H6: NINGBO | I6: LAZARO CARDENAS | J6: 2150 | K6: 0
A7: NUDU-25003 | B7: NUDU | C7: TLX | D7: TCLU1828195 | E7: 45763 | F7: 45785 | G7: CMA | H7: TIANJIN | I7: LAZARO CARDENAS | J7: 1950 | K7: 0
A8: NUDU-25006 | B8: NUDU | C8: TLX | D8: TCNU3932246 | E8: 45763 | F8: 45785 | G8: CMA | H8: TIANJIN | I8: LAZARO CARDENAS | J8: 1950 | K8: 0
A9: NUDU-25007 | B9: NUDU | C9: TLX | D9: TGBU4934182 | E9: 45770 | F9: 45798 | G9: CMA | H9: TIANJIN | I9: LAZARO CARDENAS | J9: 1950 | K9: 0
A10: NUDU-25012 | B10: NUDU | C10: TLX | D10: ECMU4783494 | E10: 45770 | F10: 45798 | G10: CMA | H10: TIANJIN | I10: LAZARO CARDENAS | J10: 1950 | K10: 0
A11: NUDU-25008 | B11: NUDU | C11: TLX | D11: MSMU8296533 | E11: 45776 | F11: 45797 | G11: MSC | H11: NINGBO | I11: LAZARO CARDENAS | J11: 2000 | K11: 2000
A12: NUDU-25009 | B12: NUDU | C12: TLX | D12: TGBU4472839 | E12: 45776 | F12: 45797 | G12: MSC | H12: NINGBO | I12: LAZARO CARDENAS | J12: 2000 | K12: 2000
A13: NUDU-25010 | B13: NUDU | C13: TLX | D13: HPCU4813745 | E13: 45778 | F13: 45797 | G13: PIL | H13: NINGBO | I13: LAZARO CARDENAS | J13: 1950 | K13: 1950
A14: NUDU-25013 | B14: NUDU | C14: TLX | D14: PCIU9423045 | E14: 45778 | F14: 45804 | G14: PIL | H14: NINGBO | I14: LAZARO CARDENAS | J14: 1950 | K14: 1950
A15: NUDU-25014 | B15: NUDU | C15: TLX | D15: CSNU7283052 | E15: 45787 | F15: 45809 | G15: COSCO | H15: QINGDAO | I15: LAZARO CARDENAS | J15: 1950 | K15: 1950
A16: NUDU-25015 | B16: NUDU | C16: TLX | D16: CSNU8815740 | E16: 45797 | F16: 45823 | G16: COSCO | H16: NINGBO | I16: LAZARO CARDENAS | J16: =2150+60 -> 2210 | K16: =2150+60 -> 2210
A17: NUDU-25011 | B17: NUDU | C17: TLX | D17: TCLU8914422 | E17: 45798 | F17: 45826 | G17: CMA | H17: TIANJIN | I17: LAZARO CARDENAS | J17: =2050+60 -> 2110 | K17: =2050+60 -> 2110
A18: NUDU-25019 | B18: NUDU | C18: TLX | D18: EGSU1026367 | E18: 45795 | F18: 45819 | G18: EMC | H18: SHEKOU | I18: LAZARO CARDENAS | J18: 2250 | K18: 2250
A19: NUDU-25020 | B19: NUDU | C19: TLX | D19: CMAU9699022 | E19: 45798 | F19: 45826 | G19: CMA | H19: TIANJIN | I19: LAZARO CARDENAS | J19: =2050+60 -> 2110 | K19: =2050+60 -> 2110
J28: =SUM(J3:J27) -> 34530
